LOCATION,INDICATOR,SUBJECT,MEASURE,FREQUENCY,TIME,Value,Flag Codes
AUS,GDPHRWKD,TOT,USD,A,1970,26.84134,
AUS,GDPHRWKD,TOT,USD,A,1971,27.51163,
AUS,GDPHRWKD,TOT,USD,A,1972,28.11866,
AUS,GDPHRWKD,TOT,USD,A,1973,28.69898,
AUS,GDPHRWKD,TOT,USD,A,1974,28.23835,
AUS,GDPHRWKD,TOT,USD,A,1975,29.28379,
AUS,GDPHRWKD,TOT,USD,A,1976,29.77189,
AUS,GDPHRWKD,TOT,USD,A,1977,29.73715,
AUS,GDPHRWKD,TOT,USD,A,1978,30.99376,
AUS,GDPHRWKD,TOT,USD,A,1979,31.1521,
AUS,GDPHRWKD,TOT,USD,A,1980,31.5015,
AUS,GDPHRWKD,TOT,USD,A,1981,32.41037,
AUS,GDPHRWKD,TOT,USD,A,1982,32.79831,
AUS,GDPHRWKD,TOT,USD,A,1983,33.69755,
AUS,GDPHRWKD,TOT,USD,A,1984,34.43839,
AUS,GDPHRWKD,TOT,USD,A,1985,34.35259,
AUS,GDPHRWKD,TOT,USD,A,1986,34.37482,
AUS,GDPHRWKD,TOT,USD,A,1987,35.11309,
AUS,GDPHRWKD,TOT,USD,A,1988,35.00747,
AUS,GDPHRWKD,TOT,USD,A,1989,35.12383,
AUS,GDPHRWKD,TOT,USD,A,1990,35.68153,
AUS,GDPHRWKD,TOT,USD,A,1991,36.50174,
AUS,GDPHRWKD,TOT,USD,A,1992,37.62497,
AUS,GDPHRWKD,TOT,USD,A,1993,37.70663,
AUS,GDPHRWKD,TOT,USD,A,1994,37.7914,
AUS,GDPHRWKD,TOT,USD,A,1995,38.92517,
AUS,GDPHRWKD,TOT,USD,A,1996,40.27417,
AUS,GDPHRWKD,TOT,USD,A,1997,41.63818,
AUS,GDPHRWKD,TOT,USD,A,1998,42.95622,
AUS,GDPHRWKD,TOT,USD,A,1999,43.32228,
AUS,GDPHRWKD,TOT,USD,A,2000,43.81344,
AUS,GDPHRWKD,TOT,USD,A,2001,45.33848,
AUS,GDPHRWKD,TOT,USD,A,2002,46.02546,
AUS,GDPHRWKD,TOT,USD,A,2003,47.08946,
AUS,GDPHRWKD,TOT,USD,A,2004,46.9315,
AUS,GDPHRWKD,TOT,USD,A,2005,47.09968,
AUS,GDPHRWKD,TOT,USD,A,2006,47.34207,
AUS,GDPHRWKD,TOT,USD,A,2007,47.87304,
AUS,GDPHRWKD,TOT,USD,A,2008,49.52368,
AUS,GDPHRWKD,TOT,USD,A,2009,49.11172,
AUS,GDPHRWKD,TOT,USD,A,2010,49.88655,
AUS,GDPHRWKD,TOT,USD,A,2011,50.46569,
AUS,GDPHRWKD,TOT,USD,A,2012,51.67124,
AUS,GDPHRWKD,TOT,USD,A,2013,52.55875,
AUS,GDPHRWKD,TOT,USD,A,2014,52.78093,
AUS,GDPHRWKD,TOT,USD,A,2015,54.09965,
AUS,GDPHRWKD,TOT,USD,A,2016,53.94542,
AUS,GDPHRWKD,TOT,USD,A,2017,54.56104,
AUS,GDPHRWKD,TOT,USD,A,2018,54.57118,E
AUS,GDPHRWKD,TOT,USD,A,2019,55.23349,E
AUS,GDPHRWKD,TOT,USD,A,2020,56.2767,E
AUS,GDPHRWKD,TOT,USD,A,2021,56.83217,E
AUS,GDPHRWKD,TOT,USD,A,2022,55.94692,E
AUT,GDPHRWKD,TOT,USD,A,1995,51.1157,
AUT,GDPHRWKD,TOT,USD,A,1996,51.16736,
AUT,GDPHRWKD,TOT,USD,A,1997,51.61889,
AUT,GDPHRWKD,TOT,USD,A,1998,53.57072,
AUT,GDPHRWKD,TOT,USD,A,1999,54.52702,
AUT,GDPHRWKD,TOT,USD,A,2000,55.82424,
AUT,GDPHRWKD,TOT,USD,A,2001,56.53665,
AUT,GDPHRWKD,TOT,USD,A,2002,57.60844,
AUT,GDPHRWKD,TOT,USD,A,2003,58.06277,
AUT,GDPHRWKD,TOT,USD,A,2004,59.197,
AUT,GDPHRWKD,TOT,USD,A,2005,60.62351,
AUT,GDPHRWKD,TOT,USD,A,2006,62.23525,
AUT,GDPHRWKD,TOT,USD,A,2007,63.79701,
AUT,GDPHRWKD,TOT,USD,A,2008,63.79988,
AUT,GDPHRWKD,TOT,USD,A,2009,63.3523,
AUT,GDPHRWKD,TOT,USD,A,2010,64.31064,
AUT,GDPHRWKD,TOT,USD,A,2011,64.94877,
AUT,GDPHRWKD,TOT,USD,A,2012,65.6549,
AUT,GDPHRWKD,TOT,USD,A,2013,66.07724,
AUT,GDPHRWKD,TOT,USD,A,2014,66.31431,
AUT,GDPHRWKD,TOT,USD,A,2015,67.2618,
AUT,GDPHRWKD,TOT,USD,A,2016,67.17726,
AUT,GDPHRWKD,TOT,USD,A,2017,68.00381,
AUT,GDPHRWKD,TOT,USD,A,2018,68.32127,
AUT,GDPHRWKD,TOT,USD,A,2019,68.222,
AUT,GDPHRWKD,TOT,USD,A,2020,69.75167,
AUT,GDPHRWKD,TOT,USD,A,2021,69.3721,
AUT,GDPHRWKD,TOT,USD,A,2022,70.62558,
BEL,GDPHRWKD,TOT,USD,A,1970,27.49717,
BEL,GDPHRWKD,TOT,USD,A,1971,28.48586,
BEL,GDPHRWKD,TOT,USD,A,1972,30.46876,
BEL,GDPHRWKD,TOT,USD,A,1973,32.53201,
BEL,GDPHRWKD,TOT,USD,A,1974,33.92497,
BEL,GDPHRWKD,TOT,USD,A,1975,34.14103,
BEL,GDPHRWKD,TOT,USD,A,1976,36.20748,
BEL,GDPHRWKD,TOT,USD,A,1977,37.11553,
BEL,GDPHRWKD,TOT,USD,A,1978,38.50713,
BEL,GDPHRWKD,TOT,USD,A,1979,39.42242,
BEL,GDPHRWKD,TOT,USD,A,1980,41.72909,
BEL,GDPHRWKD,TOT,USD,A,1981,42.97494,
BEL,GDPHRWKD,TOT,USD,A,1982,44.17632,
BEL,GDPHRWKD,TOT,USD,A,1983,44.7383,
BEL,GDPHRWKD,TOT,USD,A,1984,45.2131,
BEL,GDPHRWKD,TOT,USD,A,1985,45.57537,
BEL,GDPHRWKD,TOT,USD,A,1986,46.65788,
BEL,GDPHRWKD,TOT,USD,A,1987,47.82133,
BEL,GDPHRWKD,TOT,USD,A,1988,49.47983,
BEL,GDPHRWKD,TOT,USD,A,1989,50.69514,
BEL,GDPHRWKD,TOT,USD,A,1990,51.28591,
BEL,GDPHRWKD,TOT,USD,A,1991,53.2474,
BEL,GDPHRWKD,TOT,USD,A,1992,54.91149,
BEL,GDPHRWKD,TOT,USD,A,1993,56.2843,
BEL,GDPHRWKD,TOT,USD,A,1994,58.34807,
BEL,GDPHRWKD,TOT,USD,A,1995,58.5936,
BEL,GDPHRWKD,TOT,USD,A,1996,59.32456,
BEL,GDPHRWKD,TOT,USD,A,1997,60.88827,
BEL,GDPHRWKD,TOT,USD,A,1998,61.32274,
BEL,GDPHRWKD,TOT,USD,A,1999,62.59179,
BEL,GDPHRWKD,TOT,USD,A,2000,63.08917,
BEL,GDPHRWKD,TOT,USD,A,2001,63.23367,
BEL,GDPHRWKD,TOT,USD,A,2002,63.6673,
BEL,GDPHRWKD,TOT,USD,A,2003,64.20401,
BEL,GDPHRWKD,TOT,USD,A,2004,66.27855,
BEL,GDPHRWKD,TOT,USD,A,2005,67.28792,
BEL,GDPHRWKD,TOT,USD,A,2006,67.63714,
BEL,GDPHRWKD,TOT,USD,A,2007,68.88744,
BEL,GDPHRWKD,TOT,USD,A,2008,68.46434,
BEL,GDPHRWKD,TOT,USD,A,2009,68.02075,
BEL,GDPHRWKD,TOT,USD,A,2010,69.05363,
BEL,GDPHRWKD,TOT,USD,A,2011,68.58198,
BEL,GDPHRWKD,TOT,USD,A,2012,68.92321,
BEL,GDPHRWKD,TOT,USD,A,2013,69.5177,
BEL,GDPHRWKD,TOT,USD,A,2014,70.51366,
BEL,GDPHRWKD,TOT,USD,A,2015,71.60465,
BEL,GDPHRWKD,TOT,USD,A,2016,71.67477,
BEL,GDPHRWKD,TOT,USD,A,2017,71.53402,
BEL,GDPHRWKD,TOT,USD,A,2018,71.68163,
BEL,GDPHRWKD,TOT,USD,A,2019,72.27391,
BEL,GDPHRWKD,TOT,USD,A,2020,74.55589,
BEL,GDPHRWKD,TOT,USD,A,2021,73.72664,
BEL,GDPHRWKD,TOT,USD,A,2022,74.60634,
CAN,GDPHRWKD,TOT,USD,A,1970,28.55307,
CAN,GDPHRWKD,TOT,USD,A,1971,29.26925,
CAN,GDPHRWKD,TOT,USD,A,1972,30.28572,
CAN,GDPHRWKD,TOT,USD,A,1973,30.97637,
CAN,GDPHRWKD,TOT,USD,A,1974,30.99804,
CAN,GDPHRWKD,TOT,USD,A,1975,31.37902,
CAN,GDPHRWKD,TOT,USD,A,1976,33.23224,
CAN,GDPHRWKD,TOT,USD,A,1977,34.18627,
CAN,GDPHRWKD,TOT,USD,A,1978,34.45559,
CAN,GDPHRWKD,TOT,USD,A,1979,34.12106,
CAN,GDPHRWKD,TOT,USD,A,1980,34.0278,
CAN,GDPHRWKD,TOT,USD,A,1981,34.48396,
CAN,GDPHRWKD,TOT,USD,A,1982,34.95985,
CAN,GDPHRWKD,TOT,USD,A,1983,35.77264,
CAN,GDPHRWKD,TOT,USD,A,1984,36.74488,
CAN,GDPHRWKD,TOT,USD,A,1985,37.07465,
CAN,GDPHRWKD,TOT,USD,A,1986,36.75812,
CAN,GDPHRWKD,TOT,USD,A,1987,36.92804,
CAN,GDPHRWKD,TOT,USD,A,1988,37.28198,
CAN,GDPHRWKD,TOT,USD,A,1989,37.37145,
CAN,GDPHRWKD,TOT,USD,A,1990,37.32958,
CAN,GDPHRWKD,TOT,USD,A,1991,37.65779,
CAN,GDPHRWKD,TOT,USD,A,1992,38.42816,
CAN,GDPHRWKD,TOT,USD,A,1993,39.20567,
CAN,GDPHRWKD,TOT,USD,A,1994,39.98507,
CAN,GDPHRWKD,TOT,USD,A,1995,40.47326,
CAN,GDPHRWKD,TOT,USD,A,1996,40.38426,
CAN,GDPHRWKD,TOT,USD,A,1997,41.02608,
CAN,GDPHRWKD,TOT,USD,A,1998,41.79944,
CAN,GDPHRWKD,TOT,USD,A,1999,42.87142,
CAN,GDPHRWKD,TOT,USD,A,2000,44.2422,
CAN,GDPHRWKD,TOT,USD,A,2001,44.95294,
CAN,GDPHRWKD,TOT,USD,A,2002,45.67737,
CAN,GDPHRWKD,TOT,USD,A,2003,45.7744,
CAN,GDPHRWKD,TOT,USD,A,2004,46.15525,
CAN,GDPHRWKD,TOT,USD,A,2005,47.17654,
CAN,GDPHRWKD,TOT,USD,A,2006,47.77035,
CAN,GDPHRWKD,TOT,USD,A,2007,47.79361,
CAN,GDPHRWKD,TOT,USD,A,2008,47.68711,
CAN,GDPHRWKD,TOT,USD,A,2009,47.84417,
CAN,GDPHRWKD,TOT,USD,A,2010,48.36387,
CAN,GDPHRWKD,TOT,USD,A,2011,49.20752,
CAN,GDPHRWKD,TOT,USD,A,2012,49.19942,
CAN,GDPHRWKD,TOT,USD,A,2013,49.91071,
CAN,GDPHRWKD,TOT,USD,A,2014,51.33585,
CAN,GDPHRWKD,TOT,USD,A,2015,51.23436,
CAN,GDPHRWKD,TOT,USD,A,2016,51.57996,
CAN,GDPHRWKD,TOT,USD,A,2017,52.39049,
CAN,GDPHRWKD,TOT,USD,A,2018,52.46517,
CAN,GDPHRWKD,TOT,USD,A,2019,52.69528,
CAN,GDPHRWKD,TOT,USD,A,2020,56.84964,
CAN,GDPHRWKD,TOT,USD,A,2021,53.91304,
CAN,GDPHRWKD,TOT,USD,A,2022,53.30759,
CZE,GDPHRWKD,TOT,USD,A,1993,21.58021,
CZE,GDPHRWKD,TOT,USD,A,1994,22.17828,
CZE,GDPHRWKD,TOT,USD,A,1995,23.55599,
CZE,GDPHRWKD,TOT,USD,A,1996,24.46483,
CZE,GDPHRWKD,TOT,USD,A,1997,24.39609,
CZE,GDPHRWKD,TOT,USD,A,1998,24.43303,
CZE,GDPHRWKD,TOT,USD,A,1999,24.91861,
CZE,GDPHRWKD,TOT,USD,A,2000,25.99805,
CZE,GDPHRWKD,TOT,USD,A,2001,27.99416,
CZE,GDPHRWKD,TOT,USD,A,2002,28.42968,
CZE,GDPHRWKD,TOT,USD,A,2003,29.90142,
CZE,GDPHRWKD,TOT,USD,A,2004,31.14757,
CZE,GDPHRWKD,TOT,USD,A,2005,32.76528,
CZE,GDPHRWKD,TOT,USD,A,2006,34.78157,
CZE,GDPHRWKD,TOT,USD,A,2007,36.25601,
CZE,GDPHRWKD,TOT,USD,A,2008,36.13917,
CZE,GDPHRWKD,TOT,USD,A,2009,35.30304,
CZE,GDPHRWKD,TOT,USD,A,2010,36.12833,
CZE,GDPHRWKD,TOT,USD,A,2011,36.7348,
CZE,GDPHRWKD,TOT,USD,A,2012,36.88697,
CZE,GDPHRWKD,TOT,USD,A,2013,37.00472,
CZE,GDPHRWKD,TOT,USD,A,2014,37.43238,
CZE,GDPHRWKD,TOT,USD,A,2015,39.39008,
CZE,GDPHRWKD,TOT,USD,A,2016,39.25156,
CZE,GDPHRWKD,TOT,USD,A,2017,40.59597,
CZE,GDPHRWKD,TOT,USD,A,2018,41.16127,
CZE,GDPHRWKD,TOT,USD,A,2019,42.27267,
CZE,GDPHRWKD,TOT,USD,A,2020,43.28984,
CZE,GDPHRWKD,TOT,USD,A,2021,43.4826,
CZE,GDPHRWKD,TOT,USD,A,2022,42.55645,
DNK,GDPHRWKD,TOT,USD,A,1970,27.47226,
DNK,GDPHRWKD,TOT,USD,A,1971,28.86676,
DNK,GDPHRWKD,TOT,USD,A,1972,30.39982,
DNK,GDPHRWKD,TOT,USD,A,1973,32.05801,
DNK,GDPHRWKD,TOT,USD,A,1974,32.26353,
DNK,GDPHRWKD,TOT,USD,A,1975,33.58944,
DNK,GDPHRWKD,TOT,USD,A,1976,34.83033,
DNK,GDPHRWKD,TOT,USD,A,1977,36.12142,
DNK,GDPHRWKD,TOT,USD,A,1978,37.15728,
DNK,GDPHRWKD,TOT,USD,A,1979,38.43649,
DNK,GDPHRWKD,TOT,USD,A,1980,38.14014,
DNK,GDPHRWKD,TOT,USD,A,1981,39.26283,
DNK,GDPHRWKD,TOT,USD,A,1982,40.35855,
DNK,GDPHRWKD,TOT,USD,A,1983,41.56096,
DNK,GDPHRWKD,TOT,USD,A,1984,42.8173,
DNK,GDPHRWKD,TOT,USD,A,1985,43.90018,
DNK,GDPHRWKD,TOT,USD,A,1986,44.85192,
DNK,GDPHRWKD,TOT,USD,A,1987,45.76284,
DNK,GDPHRWKD,TOT,USD,A,1988,46.66092,
DNK,GDPHRWKD,TOT,USD,A,1989,47.63771,
DNK,GDPHRWKD,TOT,USD,A,1990,49.03173,
DNK,GDPHRWKD,TOT,USD,A,1991,50.31336,
DNK,GDPHRWKD,TOT,USD,A,1992,51.17963,
DNK,GDPHRWKD,TOT,USD,A,1993,52.15734,
DNK,GDPHRWKD,TOT,USD,A,1994,55.48724,
DNK,GDPHRWKD,TOT,USD,A,1995,56.31293,
DNK,GDPHRWKD,TOT,USD,A,1996,57.65553,
DNK,GDPHRWKD,TOT,USD,A,1997,58.07344,
DNK,GDPHRWKD,TOT,USD,A,1998,58.00656,
DNK,GDPHRWKD,TOT,USD,A,1999,58.59738,
DNK,GDPHRWKD,TOT,USD,A,2000,59.95467,
DNK,GDPHRWKD,TOT,USD,A,2001,59.74301,
DNK,GDPHRWKD,TOT,USD,A,2002,60.23419,
DNK,GDPHRWKD,TOT,USD,A,2003,61.22827,
DNK,GDPHRWKD,TOT,USD,A,2004,63.18345,
DNK,GDPHRWKD,TOT,USD,A,2005,64.04834,
DNK,GDPHRWKD,TOT,USD,A,2006,64.89245,
DNK,GDPHRWKD,TOT,USD,A,2007,65.01212,
DNK,GDPHRWKD,TOT,USD,A,2008,64.04427,
DNK,GDPHRWKD,TOT,USD,A,2009,63.45396,
DNK,GDPHRWKD,TOT,USD,A,2010,65.93726,
DNK,GDPHRWKD,TOT,USD,A,2011,66.16557,
DNK,GDPHRWKD,TOT,USD,A,2012,67.43018,
DNK,GDPHRWKD,TOT,USD,A,2013,67.96041,
DNK,GDPHRWKD,TOT,USD,A,2014,69.03699,
DNK,GDPHRWKD,TOT,USD,A,2015,70.02282,
DNK,GDPHRWKD,TOT,USD,A,2016,70.85652,
DNK,GDPHRWKD,TOT,USD,A,2017,72.18088,
DNK,GDPHRWKD,TOT,USD,A,2018,73.76959,
DNK,GDPHRWKD,TOT,USD,A,2019,74.31739,
DNK,GDPHRWKD,TOT,USD,A,2020,74.73217,
DNK,GDPHRWKD,TOT,USD,A,2021,75.28409,
DNK,GDPHRWKD,TOT,USD,A,2022,74.28383,
FIN,GDPHRWKD,TOT,USD,A,1970,17.88889,
FIN,GDPHRWKD,TOT,USD,A,1971,18.76561,
FIN,GDPHRWKD,TOT,USD,A,1972,20.1992,
FIN,GDPHRWKD,TOT,USD,A,1973,21.38892,
FIN,GDPHRWKD,TOT,USD,A,1974,22.07662,
FIN,GDPHRWKD,TOT,USD,A,1975,23.44502,
FIN,GDPHRWKD,TOT,USD,A,1976,23.78017,
FIN,GDPHRWKD,TOT,USD,A,1977,24.38463,
FIN,GDPHRWKD,TOT,USD,A,1978,25.26059,
FIN,GDPHRWKD,TOT,USD,A,1979,26.82172,
FIN,GDPHRWKD,TOT,USD,A,1980,27.76402,
FIN,GDPHRWKD,TOT,USD,A,1981,27.77239,
FIN,GDPHRWKD,TOT,USD,A,1982,28.57681,
FIN,GDPHRWKD,TOT,USD,A,1983,29.73022,
FIN,GDPHRWKD,TOT,USD,A,1984,30.6661,
FIN,GDPHRWKD,TOT,USD,A,1985,31.71042,
FIN,GDPHRWKD,TOT,USD,A,1986,33.02149,
FIN,GDPHRWKD,TOT,USD,A,1987,33.72769,
FIN,GDPHRWKD,TOT,USD,A,1988,35.29766,
FIN,GDPHRWKD,TOT,USD,A,1989,36.67139,
FIN,GDPHRWKD,TOT,USD,A,1990,37.54786,
FIN,GDPHRWKD,TOT,USD,A,1991,37.82755,
FIN,GDPHRWKD,TOT,USD,A,1992,39.21743,
FIN,GDPHRWKD,TOT,USD,A,1993,41.34611,
FIN,GDPHRWKD,TOT,USD,A,1994,43.16975,
FIN,GDPHRWKD,TOT,USD,A,1995,43.94696,
FIN,GDPHRWKD,TOT,USD,A,1996,44.83946,
FIN,GDPHRWKD,TOT,USD,A,1997,46.22531,
FIN,GDPHRWKD,TOT,USD,A,1998,48.0803,
FIN,GDPHRWKD,TOT,USD,A,1999,49.18282,
FIN,GDPHRWKD,TOT,USD,A,2000,51.31241,
FIN,GDPHRWKD,TOT,USD,A,2001,52.30082,
FIN,GDPHRWKD,TOT,USD,A,2002,52.77514,
FIN,GDPHRWKD,TOT,USD,A,2003,53.90039,
FIN,GDPHRWKD,TOT,USD,A,2004,55.71559,
FIN,GDPHRWKD,TOT,USD,A,2005,56.7631,
FIN,GDPHRWKD,TOT,USD,A,2006,58.14366,
FIN,GDPHRWKD,TOT,USD,A,2007,60.03452,
FIN,GDPHRWKD,TOT,USD,A,2008,59.33591,
FIN,GDPHRWKD,TOT,USD,A,2009,56.69349,
FIN,GDPHRWKD,TOT,USD,A,2010,58.66007,
FIN,GDPHRWKD,TOT,USD,A,2011,59.48631,
FIN,GDPHRWKD,TOT,USD,A,2012,58.53879,
FIN,GDPHRWKD,TOT,USD,A,2013,58.7287,
FIN,GDPHRWKD,TOT,USD,A,2014,58.86561,
FIN,GDPHRWKD,TOT,USD,A,2015,59.31843,
FIN,GDPHRWKD,TOT,USD,A,2016,60.74353,
FIN,GDPHRWKD,TOT,USD,A,2017,62.26378,
FIN,GDPHRWKD,TOT,USD,A,2018,61.53107,
FIN,GDPHRWKD,TOT,USD,A,2019,61.70404,
FIN,GDPHRWKD,TOT,USD,A,2020,61.80971,
FIN,GDPHRWKD,TOT,USD,A,2021,62.61314,
FIN,GDPHRWKD,TOT,USD,A,2022,62.91998,
FRA,GDPHRWKD,TOT,USD,A,1970,23.89584,
FRA,GDPHRWKD,TOT,USD,A,1971,25.08378,
FRA,GDPHRWKD,TOT,USD,A,1972,26.7705,
FRA,GDPHRWKD,TOT,USD,A,1973,28.31617,
FRA,GDPHRWKD,TOT,USD,A,1974,29.76003,
FRA,GDPHRWKD,TOT,USD,A,1975,30.11723,
FRA,GDPHRWKD,TOT,USD,A,1976,30.73634,
FRA,GDPHRWKD,TOT,USD,A,1977,32.17791,
FRA,GDPHRWKD,TOT,USD,A,1978,33.83166,
FRA,GDPHRWKD,TOT,USD,A,1979,34.86478,
FRA,GDPHRWKD,TOT,USD,A,1980,35.43772,
FRA,GDPHRWKD,TOT,USD,A,1981,36.26554,
FRA,GDPHRWKD,TOT,USD,A,1982,38.61747,
FRA,GDPHRWKD,TOT,USD,A,1983,39.55688,
FRA,GDPHRWKD,TOT,USD,A,1984,40.52127,
FRA,GDPHRWKD,TOT,USD,A,1985,42.14987,
FRA,GDPHRWKD,TOT,USD,A,1986,43.08052,
FRA,GDPHRWKD,TOT,USD,A,1987,43.50535,
FRA,GDPHRWKD,TOT,USD,A,1988,44.91033,
FRA,GDPHRWKD,TOT,USD,A,1989,46.51104,
FRA,GDPHRWKD,TOT,USD,A,1990,47.62661,
FRA,GDPHRWKD,TOT,USD,A,1991,48.22334,
FRA,GDPHRWKD,TOT,USD,A,1992,49.38404,
FRA,GDPHRWKD,TOT,USD,A,1993,49.84359,
FRA,GDPHRWKD,TOT,USD,A,1994,50.8721,
FRA,GDPHRWKD,TOT,USD,A,1995,52.13706,
FRA,GDPHRWKD,TOT,USD,A,1996,52.70516,
FRA,GDPHRWKD,TOT,USD,A,1997,53.57723,
FRA,GDPHRWKD,TOT,USD,A,1998,54.9025,
FRA,GDPHRWKD,TOT,USD,A,1999,55.69367,
FRA,GDPHRWKD,TOT,USD,A,2000,57.1688,
FRA,GDPHRWKD,TOT,USD,A,2001,58.23843,
FRA,GDPHRWKD,TOT,USD,A,2002,59.93867,
FRA,GDPHRWKD,TOT,USD,A,2003,60.28077,
FRA,GDPHRWKD,TOT,USD,A,2004,60.94695,
FRA,GDPHRWKD,TOT,USD,A,2005,61.48791,
FRA,GDPHRWKD,TOT,USD,A,2006,63.01875,
FRA,GDPHRWKD,TOT,USD,A,2007,62.7234,
FRA,GDPHRWKD,TOT,USD,A,2008,62.32322,
FRA,GDPHRWKD,TOT,USD,A,2009,61.68577,
FRA,GDPHRWKD,TOT,USD,A,2010,62.48429,
FRA,GDPHRWKD,TOT,USD,A,2011,63.10994,
FRA,GDPHRWKD,TOT,USD,A,2012,63.31614,
FRA,GDPHRWKD,TOT,USD,A,2013,64.1736,
FRA,GDPHRWKD,TOT,USD,A,2014,64.79108,
FRA,GDPHRWKD,TOT,USD,A,2015,65.31673,
FRA,GDPHRWKD,TOT,USD,A,2016,65.49924,
FRA,GDPHRWKD,TOT,USD,A,2017,66.88113,
FRA,GDPHRWKD,TOT,USD,A,2018,67.15515,
FRA,GDPHRWKD,TOT,USD,A,2019,67.41714,
FRA,GDPHRWKD,TOT,USD,A,2020,67.61745,
FRA,GDPHRWKD,TOT,USD,A,2021,66.43434,
FRA,GDPHRWKD,TOT,USD,A,2022,65.16082,
DEU,GDPHRWKD,TOT,USD,A,1970,24.99715,
DEU,GDPHRWKD,TOT,USD,A,1971,26.08809,
DEU,GDPHRWKD,TOT,USD,A,1972,27.38807,
DEU,GDPHRWKD,TOT,USD,A,1973,28.78513,
DEU,GDPHRWKD,TOT,USD,A,1974,29.94724,
DEU,GDPHRWKD,TOT,USD,A,1975,31.074,
DEU,GDPHRWKD,TOT,USD,A,1976,32.52276,
DEU,GDPHRWKD,TOT,USD,A,1977,33.86208,
DEU,GDPHRWKD,TOT,USD,A,1978,34.90745,
DEU,GDPHRWKD,TOT,USD,A,1979,35.90696,
DEU,GDPHRWKD,TOT,USD,A,1980,36.20926,
DEU,GDPHRWKD,TOT,USD,A,1981,36.81123,
DEU,GDPHRWKD,TOT,USD,A,1982,37.1921,
DEU,GDPHRWKD,TOT,USD,A,1983,38.41238,
DEU,GDPHRWKD,TOT,USD,A,1984,39.42693,
DEU,GDPHRWKD,TOT,USD,A,1985,40.33667,
DEU,GDPHRWKD,TOT,USD,A,1986,40.94786,
DEU,GDPHRWKD,TOT,USD,A,1987,41.508,
DEU,GDPHRWKD,TOT,USD,A,1988,42.57871,
DEU,GDPHRWKD,TOT,USD,A,1989,44.06048,
DEU,GDPHRWKD,TOT,USD,A,1990,45.61739,
DEU,GDPHRWKD,TOT,USD,A,1991,47.20337,
DEU,GDPHRWKD,TOT,USD,A,1992,48.40831,
DEU,GDPHRWKD,TOT,USD,A,1993,49.35082,
DEU,GDPHRWKD,TOT,USD,A,1994,50.628,
DEU,GDPHRWKD,TOT,USD,A,1995,51.39058,
DEU,GDPHRWKD,TOT,USD,A,1996,52.2556,
DEU,GDPHRWKD,TOT,USD,A,1997,53.53631,
DEU,GDPHRWKD,TOT,USD,A,1998,54.0815,
DEU,GDPHRWKD,TOT,USD,A,1999,54.69554,
DEU,GDPHRWKD,TOT,USD,A,2000,56.05144,
DEU,GDPHRWKD,TOT,USD,A,2001,57.4591,
DEU,GDPHRWKD,TOT,USD,A,2002,57.99179,
DEU,GDPHRWKD,TOT,USD,A,2003,58.43785,
DEU,GDPHRWKD,TOT,USD,A,2004,58.97006,
DEU,GDPHRWKD,TOT,USD,A,2005,59.9007,
DEU,GDPHRWKD,TOT,USD,A,2006,60.85865,
DEU,GDPHRWKD,TOT,USD,A,2007,61.57769,
DEU,GDPHRWKD,TOT,USD,A,2008,61.5937,
DEU,GDPHRWKD,TOT,USD,A,2009,59.73968,
DEU,GDPHRWKD,TOT,USD,A,2010,61.11678,
DEU,GDPHRWKD,TOT,USD,A,2011,62.70642,
DEU,GDPHRWKD,TOT,USD,A,2012,63.0933,
DEU,GDPHRWKD,TOT,USD,A,2013,63.39282,
DEU,GDPHRWKD,TOT,USD,A,2014,64.04984,
DEU,GDPHRWKD,TOT,USD,A,2015,64.37615,
DEU,GDPHRWKD,TOT,USD,A,2016,65.24867,
DEU,GDPHRWKD,TOT,USD,A,2017,66.4118,
DEU,GDPHRWKD,TOT,USD,A,2018,66.54929,
DEU,GDPHRWKD,TOT,USD,A,2019,67.02409,
DEU,GDPHRWKD,TOT,USD,A,2020,67.8008,
DEU,GDPHRWKD,TOT,USD,A,2021,68.19384,
DEU,GDPHRWKD,TOT,USD,A,2022,68.53529,
GRC,GDPHRWKD,TOT,USD,A,1983,26.77616,
GRC,GDPHRWKD,TOT,USD,A,1984,28.32357,
GRC,GDPHRWKD,TOT,USD,A,1985,28.08233,
GRC,GDPHRWKD,TOT,USD,A,1986,28.29058,
GRC,GDPHRWKD,TOT,USD,A,1987,28.25095,
GRC,GDPHRWKD,TOT,USD,A,1988,29.14747,
GRC,GDPHRWKD,TOT,USD,A,1989,29.52862,
GRC,GDPHRWKD,TOT,USD,A,1990,29.46839,
GRC,GDPHRWKD,TOT,USD,A,1991,30.47289,
GRC,GDPHRWKD,TOT,USD,A,1992,29.8553,
GRC,GDPHRWKD,TOT,USD,A,1993,28.85308,
GRC,GDPHRWKD,TOT,USD,A,1994,29.36484,
GRC,GDPHRWKD,TOT,USD,A,1995,29.97155,
GRC,GDPHRWKD,TOT,USD,A,1996,31.02522,
GRC,GDPHRWKD,TOT,USD,A,1997,32.56682,
GRC,GDPHRWKD,TOT,USD,A,1998,32.40379,
GRC,GDPHRWKD,TOT,USD,A,1999,33.44521,
GRC,GDPHRWKD,TOT,USD,A,2000,34.59676,
GRC,GDPHRWKD,TOT,USD,A,2001,36.00759,
GRC,GDPHRWKD,TOT,USD,A,2002,36.66449,
GRC,GDPHRWKD,TOT,USD,A,2003,38.29112,
GRC,GDPHRWKD,TOT,USD,A,2004,39.45019,
GRC,GDPHRWKD,TOT,USD,A,2005,38.33298,
GRC,GDPHRWKD,TOT,USD,A,2006,39.98072,
GRC,GDPHRWKD,TOT,USD,A,2007,41.01773,
GRC,GDPHRWKD,TOT,USD,A,2008,40.45493,
GRC,GDPHRWKD,TOT,USD,A,2009,39.40302,
GRC,GDPHRWKD,TOT,USD,A,2010,39.04102,
GRC,GDPHRWKD,TOT,USD,A,2011,36.28632,
GRC,GDPHRWKD,TOT,USD,A,2012,34.41159,
GRC,GDPHRWKD,TOT,USD,A,2013,33.6293,
GRC,GDPHRWKD,TOT,USD,A,2014,33.41925,
GRC,GDPHRWKD,TOT,USD,A,2015,34.62057,
GRC,GDPHRWKD,TOT,USD,A,2016,33.18651,
GRC,GDPHRWKD,TOT,USD,A,2017,33.64864,
GRC,GDPHRWKD,TOT,USD,A,2018,32.47554,
GRC,GDPHRWKD,TOT,USD,A,2019,33.11426,
GRC,GDPHRWKD,TOT,USD,A,2020,33.9735,
GRC,GDPHRWKD,TOT,USD,A,2021,33.49969,
GRC,GDPHRWKD,TOT,USD,A,2022,33.60156,
HUN,GDPHRWKD,TOT,USD,A,1991,16.70412,
HUN,GDPHRWKD,TOT,USD,A,1992,18.07994,
HUN,GDPHRWKD,TOT,USD,A,1993,19.17833,
HUN,GDPHRWKD,TOT,USD,A,1994,18.82302,
HUN,GDPHRWKD,TOT,USD,A,1995,21.75152,B
HUN,GDPHRWKD,TOT,USD,A,1996,21.83436,
HUN,GDPHRWKD,TOT,USD,A,1997,22.19973,
HUN,GDPHRWKD,TOT,USD,A,1998,22.96739,
HUN,GDPHRWKD,TOT,USD,A,1999,23.12617,
HUN,GDPHRWKD,TOT,USD,A,2000,24.26188,
HUN,GDPHRWKD,TOT,USD,A,2001,25.66098,
HUN,GDPHRWKD,TOT,USD,A,2002,27.12081,
HUN,GDPHRWKD,TOT,USD,A,2003,28.09984,
HUN,GDPHRWKD,TOT,USD,A,2004,29.78729,
HUN,GDPHRWKD,TOT,USD,A,2005,31.71122,
HUN,GDPHRWKD,TOT,USD,A,2006,33.05935,
HUN,GDPHRWKD,TOT,USD,A,2007,33.88051,
HUN,GDPHRWKD,TOT,USD,A,2008,34.77561,
HUN,GDPHRWKD,TOT,USD,A,2009,33.72941,
HUN,GDPHRWKD,TOT,USD,A,2010,34.16158,B
HUN,GDPHRWKD,TOT,USD,A,2011,35.06445,
HUN,GDPHRWKD,TOT,USD,A,2012,34.61542,
HUN,GDPHRWKD,TOT,USD,A,2013,34.88564,
HUN,GDPHRWKD,TOT,USD,A,2014,34.47913,
HUN,GDPHRWKD,TOT,USD,A,2015,35.031,
HUN,GDPHRWKD,TOT,USD,A,2016,34.23924,
HUN,GDPHRWKD,TOT,USD,A,2017,35.28526,
HUN,GDPHRWKD,TOT,USD,A,2018,36.71524,
HUN,GDPHRWKD,TOT,USD,A,2019,38.24754,
HUN,GDPHRWKD,TOT,USD,A,2020,38.41122,
HUN,GDPHRWKD,TOT,USD,A,2021,39.88638,
HUN,GDPHRWKD,TOT,USD,A,2022,40.83698,
ISL,GDPHRWKD,TOT,USD,A,1970,19.6859,
ISL,GDPHRWKD,TOT,USD,A,1971,21.6702,
ISL,GDPHRWKD,TOT,USD,A,1972,22.74772,
ISL,GDPHRWKD,TOT,USD,A,1973,23.86951,
ISL,GDPHRWKD,TOT,USD,A,1974,24.73762,
ISL,GDPHRWKD,TOT,USD,A,1975,24.77211,
ISL,GDPHRWKD,TOT,USD,A,1976,25.78937,
ISL,GDPHRWKD,TOT,USD,A,1977,28.62786,
ISL,GDPHRWKD,TOT,USD,A,1978,30.11121,
ISL,GDPHRWKD,TOT,USD,A,1979,31.59797,
ISL,GDPHRWKD,TOT,USD,A,1980,32.59542,
ISL,GDPHRWKD,TOT,USD,A,1981,32.4222,
ISL,GDPHRWKD,TOT,USD,A,1982,32.24677,
ISL,GDPHRWKD,TOT,USD,A,1983,31.26607,
ISL,GDPHRWKD,TOT,USD,A,1984,32.14795,
ISL,GDPHRWKD,TOT,USD,A,1985,32.05792,
ISL,GDPHRWKD,TOT,USD,A,1986,33.1727,
ISL,GDPHRWKD,TOT,USD,A,1987,34.07018,
ISL,GDPHRWKD,TOT,USD,A,1988,34.92256,
ISL,GDPHRWKD,TOT,USD,A,1989,35.62442,
ISL,GDPHRWKD,TOT,USD,A,1990,36.59845,
ISL,GDPHRWKD,TOT,USD,A,1991,36.46014,
ISL,GDPHRWKD,TOT,USD,A,1992,34.94587,
ISL,GDPHRWKD,TOT,USD,A,1993,35.38299,
ISL,GDPHRWKD,TOT,USD,A,1994,36.5258,
ISL,GDPHRWKD,TOT,USD,A,1995,36.1156,
ISL,GDPHRWKD,TOT,USD,A,1996,37.28108,
ISL,GDPHRWKD,TOT,USD,A,1997,39.00707,
ISL,GDPHRWKD,TOT,USD,A,1998,41.15579,
ISL,GDPHRWKD,TOT,USD,A,1999,41.74796,
ISL,GDPHRWKD,TOT,USD,A,2000,42.95489,
ISL,GDPHRWKD,TOT,USD,A,2001,44.57065,
ISL,GDPHRWKD,TOT,USD,A,2002,45.42466,
ISL,GDPHRWKD,TOT,USD,A,2003,46.93251,
ISL,GDPHRWKD,TOT,USD,A,2004,50.12559,
ISL,GDPHRWKD,TOT,USD,A,2005,51.61324,
ISL,GDPHRWKD,TOT,USD,A,2006,52.93894,
ISL,GDPHRWKD,TOT,USD,A,2007,56.11841,
ISL,GDPHRWKD,TOT,USD,A,2008,54.47388,
ISL,GDPHRWKD,TOT,USD,A,2009,57.95867,
ISL,GDPHRWKD,TOT,USD,A,2010,57.36321,
ISL,GDPHRWKD,TOT,USD,A,2011,57.41262,
ISL,GDPHRWKD,TOT,USD,A,2012,57.4953,
ISL,GDPHRWKD,TOT,USD,A,2013,58.70297,
ISL,GDPHRWKD,TOT,USD,A,2014,58.67668,
ISL,GDPHRWKD,TOT,USD,A,2015,59.66266,
ISL,GDPHRWKD,TOT,USD,A,2016,60.32454,
ISL,GDPHRWKD,TOT,USD,A,2017,60.81559,
ISL,GDPHRWKD,TOT,USD,A,2018,62.37089,
ISL,GDPHRWKD,TOT,USD,A,2019,64.29517,
ISL,GDPHRWKD,TOT,USD,A,2020,63.29869,
ISL,GDPHRWKD,TOT,USD,A,2021,65.63456,
ISL,GDPHRWKD,TOT,USD,A,2022,65.78897,
IRL,GDPHRWKD,TOT,USD,A,1970,15.64484,
IRL,GDPHRWKD,TOT,USD,A,1971,16.12126,
IRL,GDPHRWKD,TOT,USD,A,1972,17.53373,
IRL,GDPHRWKD,TOT,USD,A,1973,18.20297,
IRL,GDPHRWKD,TOT,USD,A,1974,19.01813,
IRL,GDPHRWKD,TOT,USD,A,1975,20.3411,
IRL,GDPHRWKD,TOT,USD,A,1976,20.86212,
IRL,GDPHRWKD,TOT,USD,A,1977,22.17375,
IRL,GDPHRWKD,TOT,USD,A,1978,23.71735,
IRL,GDPHRWKD,TOT,USD,A,1979,23.49179,
IRL,GDPHRWKD,TOT,USD,A,1980,24.89123,
IRL,GDPHRWKD,TOT,USD,A,1981,26.18209,
IRL,GDPHRWKD,TOT,USD,A,1982,26.98179,
IRL,GDPHRWKD,TOT,USD,A,1983,27.28841,
IRL,GDPHRWKD,TOT,USD,A,1984,29.26427,
IRL,GDPHRWKD,TOT,USD,A,1985,30.19639,
IRL,GDPHRWKD,TOT,USD,A,1986,29.7538,
IRL,GDPHRWKD,TOT,USD,A,1987,31.26456,
IRL,GDPHRWKD,TOT,USD,A,1988,32.75187,
IRL,GDPHRWKD,TOT,USD,A,1989,34.57509,
IRL,GDPHRWKD,TOT,USD,A,1990,36.12944,
IRL,GDPHRWKD,TOT,USD,A,1991,37.58097,
IRL,GDPHRWKD,TOT,USD,A,1992,39.46457,
IRL,GDPHRWKD,TOT,USD,A,1993,40.46136,
IRL,GDPHRWKD,TOT,USD,A,1994,41.44251,
IRL,GDPHRWKD,TOT,USD,A,1995,43.48513,
IRL,GDPHRWKD,TOT,USD,A,1996,45.22623,
IRL,GDPHRWKD,TOT,USD,A,1997,48.30782,
IRL,GDPHRWKD,TOT,USD,A,1998,48.14348,
IRL,GDPHRWKD,TOT,USD,A,1999,50.57908,
IRL,GDPHRWKD,TOT,USD,A,2000,53.37435,
IRL,GDPHRWKD,TOT,USD,A,2001,55.33461,
IRL,GDPHRWKD,TOT,USD,A,2002,58.21093,
IRL,GDPHRWKD,TOT,USD,A,2003,59.83621,
IRL,GDPHRWKD,TOT,USD,A,2004,62.42407,
IRL,GDPHRWKD,TOT,USD,A,2005,63.04592,
IRL,GDPHRWKD,TOT,USD,A,2006,64.11286,
IRL,GDPHRWKD,TOT,USD,A,2007,65.77711,
IRL,GDPHRWKD,TOT,USD,A,2008,64.73627,
IRL,GDPHRWKD,TOT,USD,A,2009,69.03471,
IRL,GDPHRWKD,TOT,USD,A,2010,73.29002,B
IRL,GDPHRWKD,TOT,USD,A,2011,75.57436,
IRL,GDPHRWKD,TOT,USD,A,2012,76.04026,
IRL,GDPHRWKD,TOT,USD,A,2013,74.08774,
IRL,GDPHRWKD,TOT,USD,A,2014,78.03909,
IRL,GDPHRWKD,TOT,USD,A,2015,94.22459,
IRL,GDPHRWKD,TOT,USD,A,2016,91.22366,
IRL,GDPHRWKD,TOT,USD,A,2017,95.71205,
IRL,GDPHRWKD,TOT,USD,A,2018,100.1335,
IRL,GDPHRWKD,TOT,USD,A,2019,102.3884,
IRL,GDPHRWKD,TOT,USD,A,2020,120.8399,
IRL,GDPHRWKD,TOT,USD,A,2021,130.5524,
IRL,GDPHRWKD,TOT,USD,A,2022,131.5734,
ITA,GDPHRWKD,TOT,USD,A,1970,25.30596,
ITA,GDPHRWKD,TOT,USD,A,1971,26.43725,
ITA,GDPHRWKD,TOT,USD,A,1972,27.74694,
ITA,GDPHRWKD,TOT,USD,A,1973,29.55266,
ITA,GDPHRWKD,TOT,USD,A,1974,31.18904,
ITA,GDPHRWKD,TOT,USD,A,1975,30.76191,
ITA,GDPHRWKD,TOT,USD,A,1976,32.65956,
ITA,GDPHRWKD,TOT,USD,A,1977,34.01496,
ITA,GDPHRWKD,TOT,USD,A,1978,35.1898,
ITA,GDPHRWKD,TOT,USD,A,1979,37.00668,
ITA,GDPHRWKD,TOT,USD,A,1980,37.70945,
ITA,GDPHRWKD,TOT,USD,A,1981,37.93032,
ITA,GDPHRWKD,TOT,USD,A,1982,37.77805,
ITA,GDPHRWKD,TOT,USD,A,1983,38.1117,
ITA,GDPHRWKD,TOT,USD,A,1984,39.56228,
ITA,GDPHRWKD,TOT,USD,A,1985,40.36374,
ITA,GDPHRWKD,TOT,USD,A,1986,41.04817,
ITA,GDPHRWKD,TOT,USD,A,1987,41.83355,
ITA,GDPHRWKD,TOT,USD,A,1988,43.04177,
ITA,GDPHRWKD,TOT,USD,A,1989,44.5725,
ITA,GDPHRWKD,TOT,USD,A,1990,45.00181,
ITA,GDPHRWKD,TOT,USD,A,1991,45.02263,
ITA,GDPHRWKD,TOT,USD,A,1992,45.65271,
ITA,GDPHRWKD,TOT,USD,A,1993,46.51621,
ITA,GDPHRWKD,TOT,USD,A,1994,48.47011,
ITA,GDPHRWKD,TOT,USD,A,1995,49.90707,
ITA,GDPHRWKD,TOT,USD,A,1996,49.96409,
ITA,GDPHRWKD,TOT,USD,A,1997,50.8862,
ITA,GDPHRWKD,TOT,USD,A,1998,50.92111,
ITA,GDPHRWKD,TOT,USD,A,1999,51.27922,
ITA,GDPHRWKD,TOT,USD,A,2000,52.75183,
ITA,GDPHRWKD,TOT,USD,A,2001,53.10559,
ITA,GDPHRWKD,TOT,USD,A,2002,52.68915,
ITA,GDPHRWKD,TOT,USD,A,2003,52.31578,
ITA,GDPHRWKD,TOT,USD,A,2004,52.7545,
ITA,GDPHRWKD,TOT,USD,A,2005,52.9902,
ITA,GDPHRWKD,TOT,USD,A,2006,52.87354,
ITA,GDPHRWKD,TOT,USD,A,2007,52.83335,
ITA,GDPHRWKD,TOT,USD,A,2008,52.5321,
ITA,GDPHRWKD,TOT,USD,A,2009,51.48563,
ITA,GDPHRWKD,TOT,USD,A,2010,52.65614,
ITA,GDPHRWKD,TOT,USD,A,2011,53.01162,
ITA,GDPHRWKD,TOT,USD,A,2012,52.72825,
ITA,GDPHRWKD,TOT,USD,A,2013,53.14736,
ITA,GDPHRWKD,TOT,USD,A,2014,53.18964,
ITA,GDPHRWKD,TOT,USD,A,2015,53.22121,
ITA,GDPHRWKD,TOT,USD,A,2016,53.05762,
ITA,GDPHRWKD,TOT,USD,A,2017,53.39989,
ITA,GDPHRWKD,TOT,USD,A,2018,53.39327,
ITA,GDPHRWKD,TOT,USD,A,2019,53.65855,
ITA,GDPHRWKD,TOT,USD,A,2020,55.31928,
ITA,GDPHRWKD,TOT,USD,A,2021,54.36336,
ITA,GDPHRWKD,TOT,USD,A,2022,54.20835,
JPN,GDPHRWKD,TOT,USD,A,1970,13.91301,
JPN,GDPHRWKD,TOT,USD,A,1971,14.49059,
JPN,GDPHRWKD,TOT,USD,A,1972,15.70567,
JPN,GDPHRWKD,TOT,USD,A,1973,16.79589,
JPN,GDPHRWKD,TOT,USD,A,1974,17.15912,
JPN,GDPHRWKD,TOT,USD,A,1975,17.94313,
JPN,GDPHRWKD,TOT,USD,A,1976,18.36582,
JPN,GDPHRWKD,TOT,USD,A,1977,18.93596,
JPN,GDPHRWKD,TOT,USD,A,1978,19.7975,
JPN,GDPHRWKD,TOT,USD,A,1979,20.64146,
JPN,GDPHRWKD,TOT,USD,A,1980,21.12694,
JPN,GDPHRWKD,TOT,USD,A,1981,22.0162,
JPN,GDPHRWKD,TOT,USD,A,1982,22.57542,
JPN,GDPHRWKD,TOT,USD,A,1983,23.14512,
JPN,GDPHRWKD,TOT,USD,A,1984,23.93548,
JPN,GDPHRWKD,TOT,USD,A,1985,25.21423,
JPN,GDPHRWKD,TOT,USD,A,1986,25.8629,
JPN,GDPHRWKD,TOT,USD,A,1987,26.97129,
JPN,GDPHRWKD,TOT,USD,A,1988,28.49222,
JPN,GDPHRWKD,TOT,USD,A,1989,29.77467,
JPN,GDPHRWKD,TOT,USD,A,1990,31.29322,
JPN,GDPHRWKD,TOT,USD,A,1991,32.27453,
JPN,GDPHRWKD,TOT,USD,A,1992,32.74261,
JPN,GDPHRWKD,TOT,USD,A,1993,33.49202,
JPN,GDPHRWKD,TOT,USD,A,1994,33.94148,
JPN,GDPHRWKD,TOT,USD,A,1995,34.97273,
JPN,GDPHRWKD,TOT,USD,A,1996,35.88045,
JPN,GDPHRWKD,TOT,USD,A,1997,36.49454,
JPN,GDPHRWKD,TOT,USD,A,1998,36.90343,
JPN,GDPHRWKD,TOT,USD,A,1999,37.93903,
JPN,GDPHRWKD,TOT,USD,A,2000,39.0365,
JPN,GDPHRWKD,TOT,USD,A,2001,39.592,
JPN,GDPHRWKD,TOT,USD,A,2002,40.32157,
JPN,GDPHRWKD,TOT,USD,A,2003,40.89628,
JPN,GDPHRWKD,TOT,USD,A,2004,41.87902,
JPN,GDPHRWKD,TOT,USD,A,2005,42.48593,
JPN,GDPHRWKD,TOT,USD,A,2006,42.55453,
JPN,GDPHRWKD,TOT,USD,A,2007,42.86981,
JPN,GDPHRWKD,TOT,USD,A,2008,42.74525,
JPN,GDPHRWKD,TOT,USD,A,2009,42.13764,
JPN,GDPHRWKD,TOT,USD,A,2010,43.4404,
JPN,GDPHRWKD,TOT,USD,A,2011,43.71382,
JPN,GDPHRWKD,TOT,USD,A,2012,44.19208,
JPN,GDPHRWKD,TOT,USD,A,2013,45.17965,
JPN,GDPHRWKD,TOT,USD,A,2014,45.25976,
JPN,GDPHRWKD,TOT,USD,A,2015,46.16999,
JPN,GDPHRWKD,TOT,USD,A,2016,46.21638,
JPN,GDPHRWKD,TOT,USD,A,2017,46.63875,
JPN,GDPHRWKD,TOT,USD,A,2018,46.92477,
JPN,GDPHRWKD,TOT,USD,A,2019,47.33558,
JPN,GDPHRWKD,TOT,USD,A,2020,46.88259,
JPN,GDPHRWKD,TOT,USD,A,2021,47.61554,
JPN,GDPHRWKD,TOT,USD,A,2022,48.05572,E
KOR,GDPHRWKD,TOT,USD,A,2011,33.01841,
KOR,GDPHRWKD,TOT,USD,A,2012,33.49794,
KOR,GDPHRWKD,TOT,USD,A,2013,34.29777,
KOR,GDPHRWKD,TOT,USD,A,2014,35.0787,
KOR,GDPHRWKD,TOT,USD,A,2015,35.55779,
KOR,GDPHRWKD,TOT,USD,A,2016,36.54808,
KOR,GDPHRWKD,TOT,USD,A,2017,38.18056,
KOR,GDPHRWKD,TOT,USD,A,2018,39.63926,
KOR,GDPHRWKD,TOT,USD,A,2019,40.60931,
KOR,GDPHRWKD,TOT,USD,A,2020,41.90545,
KOR,GDPHRWKD,TOT,USD,A,2021,43.0737,
KOR,GDPHRWKD,TOT,USD,A,2022,43.11773,E
LUX,GDPHRWKD,TOT,USD,A,1970,46.34691,
LUX,GDPHRWKD,TOT,USD,A,1971,46.19118,
LUX,GDPHRWKD,TOT,USD,A,1972,48.48839,
LUX,GDPHRWKD,TOT,USD,A,1973,52.38926,
LUX,GDPHRWKD,TOT,USD,A,1974,53.82814,
LUX,GDPHRWKD,TOT,USD,A,1975,50.47248,
LUX,GDPHRWKD,TOT,USD,A,1976,51.33199,
LUX,GDPHRWKD,TOT,USD,A,1977,52.92679,
LUX,GDPHRWKD,TOT,USD,A,1978,55.96925,
LUX,GDPHRWKD,TOT,USD,A,1979,57.54769,
LUX,GDPHRWKD,TOT,USD,A,1980,58.18329,
LUX,GDPHRWKD,TOT,USD,A,1981,58.52402,
LUX,GDPHRWKD,TOT,USD,A,1982,59.97371,
LUX,GDPHRWKD,TOT,USD,A,1983,62.17548,
LUX,GDPHRWKD,TOT,USD,A,1984,66.19795,
LUX,GDPHRWKD,TOT,USD,A,1985,66.84556,
LUX,GDPHRWKD,TOT,USD,A,1986,72.18712,
LUX,GDPHRWKD,TOT,USD,A,1987,73.12773,
LUX,GDPHRWKD,TOT,USD,A,1988,76.06064,
LUX,GDPHRWKD,TOT,USD,A,1989,81.27709,
LUX,GDPHRWKD,TOT,USD,A,1990,82.14235,
LUX,GDPHRWKD,TOT,USD,A,1991,86.73965,
LUX,GDPHRWKD,TOT,USD,A,1992,87.07356,
LUX,GDPHRWKD,TOT,USD,A,1993,88.78006,
LUX,GDPHRWKD,TOT,USD,A,1994,90.9486,
LUX,GDPHRWKD,TOT,USD,A,1995,89.29036,
LUX,GDPHRWKD,TOT,USD,A,1996,89.52178,
LUX,GDPHRWKD,TOT,USD,A,1997,90.95587,
LUX,GDPHRWKD,TOT,USD,A,1998,93.05751,
LUX,GDPHRWKD,TOT,USD,A,1999,96.29788,
LUX,GDPHRWKD,TOT,USD,A,2000,97.45971,B
LUX,GDPHRWKD,TOT,USD,A,2001,95.73324,
LUX,GDPHRWKD,TOT,USD,A,2002,96.46505,
LUX,GDPHRWKD,TOT,USD,A,2003,97.17024,
LUX,GDPHRWKD,TOT,USD,A,2004,98.97386,
LUX,GDPHRWKD,TOT,USD,A,2005,99.95764,
LUX,GDPHRWKD,TOT,USD,A,2006,102.0351,
LUX,GDPHRWKD,TOT,USD,A,2007,104.7434,
LUX,GDPHRWKD,TOT,USD,A,2008,99.68583,
LUX,GDPHRWKD,TOT,USD,A,2009,99.48462,
LUX,GDPHRWKD,TOT,USD,A,2010,101.1601,
LUX,GDPHRWKD,TOT,USD,A,2011,99.37877,
LUX,GDPHRWKD,TOT,USD,A,2012,98.98986,
LUX,GDPHRWKD,TOT,USD,A,2013,100.8008,
LUX,GDPHRWKD,TOT,USD,A,2014,100.5504,
LUX,GDPHRWKD,TOT,USD,A,2015,99.77782,
LUX,GDPHRWKD,TOT,USD,A,2016,101.7633,
LUX,GDPHRWKD,TOT,USD,A,2017,100.2568,
LUX,GDPHRWKD,TOT,USD,A,2018,98.57839,
LUX,GDPHRWKD,TOT,USD,A,2019,98.38507,
LUX,GDPHRWKD,TOT,USD,A,2020,101.568,
LUX,GDPHRWKD,TOT,USD,A,2021,101.5413,
LUX,GDPHRWKD,TOT,USD,A,2022,100.17,
MEX,GDPHRWKD,TOT,USD,A,1991,19.77953,
MEX,GDPHRWKD,TOT,USD,A,1992,19.88187,
MEX,GDPHRWKD,TOT,USD,A,1993,19.80269,
MEX,GDPHRWKD,TOT,USD,A,1994,19.75934,
MEX,GDPHRWKD,TOT,USD,A,1995,18.53865,
MEX,GDPHRWKD,TOT,USD,A,1996,18.74819,
MEX,GDPHRWKD,TOT,USD,A,1997,18.53124,
MEX,GDPHRWKD,TOT,USD,A,1998,19.62272,
MEX,GDPHRWKD,TOT,USD,A,1999,19.27401,
MEX,GDPHRWKD,TOT,USD,A,2000,20.40818,
MEX,GDPHRWKD,TOT,USD,A,2001,20.54647,
MEX,GDPHRWKD,TOT,USD,A,2002,19.60896,
MEX,GDPHRWKD,TOT,USD,A,2003,20.22236,
MEX,GDPHRWKD,TOT,USD,A,2004,20.50054,
MEX,GDPHRWKD,TOT,USD,A,2005,18.7732,B
MEX,GDPHRWKD,TOT,USD,A,2006,19.13906,
MEX,GDPHRWKD,TOT,USD,A,2007,19.36136,
MEX,GDPHRWKD,TOT,USD,A,2008,19.24462,
MEX,GDPHRWKD,TOT,USD,A,2009,18.10058,
MEX,GDPHRWKD,TOT,USD,A,2010,18.74787,
MEX,GDPHRWKD,TOT,USD,A,2011,19.07992,
MEX,GDPHRWKD,TOT,USD,A,2012,19.23356,
MEX,GDPHRWKD,TOT,USD,A,2013,19.22718,
MEX,GDPHRWKD,TOT,USD,A,2014,19.71351,
MEX,GDPHRWKD,TOT,USD,A,2015,19.84123,
MEX,GDPHRWKD,TOT,USD,A,2016,20.21664,
MEX,GDPHRWKD,TOT,USD,A,2017,20.3297,
MEX,GDPHRWKD,TOT,USD,A,2018,20.19467,
MEX,GDPHRWKD,TOT,USD,A,2019,19.70648,
MEX,GDPHRWKD,TOT,USD,A,2020,19.61513,
MEX,GDPHRWKD,TOT,USD,A,2021,18.90328,
MEX,GDPHRWKD,TOT,USD,A,2022,18.8161,
NLD,GDPHRWKD,TOT,USD,A,1970,30.18807,
NLD,GDPHRWKD,TOT,USD,A,1971,31.73582,
NLD,GDPHRWKD,TOT,USD,A,1972,32.75451,
NLD,GDPHRWKD,TOT,USD,A,1973,34.92639,
NLD,GDPHRWKD,TOT,USD,A,1974,37.29976,
NLD,GDPHRWKD,TOT,USD,A,1975,38.55363,
NLD,GDPHRWKD,TOT,USD,A,1976,40.48103,
NLD,GDPHRWKD,TOT,USD,A,1977,41.73031,
NLD,GDPHRWKD,TOT,USD,A,1978,42.89477,
NLD,GDPHRWKD,TOT,USD,A,1979,43.4296,
NLD,GDPHRWKD,TOT,USD,A,1980,44.10227,
NLD,GDPHRWKD,TOT,USD,A,1981,43.95317,
NLD,GDPHRWKD,TOT,USD,A,1982,44.46766,
NLD,GDPHRWKD,TOT,USD,A,1983,46.24374,
NLD,GDPHRWKD,TOT,USD,A,1984,47.52158,
NLD,GDPHRWKD,TOT,USD,A,1985,48.39332,
NLD,GDPHRWKD,TOT,USD,A,1986,49.05381,
NLD,GDPHRWKD,TOT,USD,A,1987,49.65399,
NLD,GDPHRWKD,TOT,USD,A,1988,50.55394,
NLD,GDPHRWKD,TOT,USD,A,1989,51.58451,
NLD,GDPHRWKD,TOT,USD,A,1990,52.3307,
NLD,GDPHRWKD,TOT,USD,A,1991,52.96181,
NLD,GDPHRWKD,TOT,USD,A,1992,52.86196,
NLD,GDPHRWKD,TOT,USD,A,1993,53.70985,
NLD,GDPHRWKD,TOT,USD,A,1994,54.65366,
NLD,GDPHRWKD,TOT,USD,A,1995,53.83072,
NLD,GDPHRWKD,TOT,USD,A,1996,54.02972,
NLD,GDPHRWKD,TOT,USD,A,1997,55.22271,
NLD,GDPHRWKD,TOT,USD,A,1998,56.57869,
NLD,GDPHRWKD,TOT,USD,A,1999,57.82745,
NLD,GDPHRWKD,TOT,USD,A,2000,59.69649,
NLD,GDPHRWKD,TOT,USD,A,2001,60.29951,
NLD,GDPHRWKD,TOT,USD,A,2002,60.73963,
NLD,GDPHRWKD,TOT,USD,A,2003,61.54164,
NLD,GDPHRWKD,TOT,USD,A,2004,62.60302,
NLD,GDPHRWKD,TOT,USD,A,2005,64.09794,
NLD,GDPHRWKD,TOT,USD,A,2006,65.0513,
NLD,GDPHRWKD,TOT,USD,A,2007,65.6325,
NLD,GDPHRWKD,TOT,USD,A,2008,66.00929,
NLD,GDPHRWKD,TOT,USD,A,2009,64.52033,
NLD,GDPHRWKD,TOT,USD,A,2010,65.85273,
NLD,GDPHRWKD,TOT,USD,A,2011,66.27474,
NLD,GDPHRWKD,TOT,USD,A,2012,66.1761,
NLD,GDPHRWKD,TOT,USD,A,2013,66.67897,
NLD,GDPHRWKD,TOT,USD,A,2014,67.17271,
NLD,GDPHRWKD,TOT,USD,A,2015,67.83296,
NLD,GDPHRWKD,TOT,USD,A,2016,67.72718,
NLD,GDPHRWKD,TOT,USD,A,2017,68.09555,
NLD,GDPHRWKD,TOT,USD,A,2018,67.87692,
NLD,GDPHRWKD,TOT,USD,A,2019,67.42266,
NLD,GDPHRWKD,TOT,USD,A,2020,67.52076,
NLD,GDPHRWKD,TOT,USD,A,2021,69.39652,
NLD,GDPHRWKD,TOT,USD,A,2022,69.65928,
NZL,GDPHRWKD,TOT,USD,A,1970,23.84936,
NZL,GDPHRWKD,TOT,USD,A,1971,24.50263,
NZL,GDPHRWKD,TOT,USD,A,1972,25.67908,
NZL,GDPHRWKD,TOT,USD,A,1973,26.80327,
NZL,GDPHRWKD,TOT,USD,A,1974,27.08256,
NZL,GDPHRWKD,TOT,USD,A,1975,26.38162,
NZL,GDPHRWKD,TOT,USD,A,1976,26.22372,
NZL,GDPHRWKD,TOT,USD,A,1977,24.74001,
NZL,GDPHRWKD,TOT,USD,A,1978,25.07718,
NZL,GDPHRWKD,TOT,USD,A,1979,25.41327,
NZL,GDPHRWKD,TOT,USD,A,1980,25.91403,
NZL,GDPHRWKD,TOT,USD,A,1981,27.19748,
NZL,GDPHRWKD,TOT,USD,A,1982,27.10583,
NZL,GDPHRWKD,TOT,USD,A,1983,27.51831,
NZL,GDPHRWKD,TOT,USD,A,1984,28.17164,
NZL,GDPHRWKD,TOT,USD,A,1985,27.74661,
NZL,GDPHRWKD,TOT,USD,A,1986,26.94747,
NZL,GDPHRWKD,TOT,USD,A,1987,27.25172,
NZL,GDPHRWKD,TOT,USD,A,1988,28.85466,
NZL,GDPHRWKD,TOT,USD,A,1989,30.16754,
NZL,GDPHRWKD,TOT,USD,A,1990,31.23934,
NZL,GDPHRWKD,TOT,USD,A,1991,30.6925,
NZL,GDPHRWKD,TOT,USD,A,1992,31.86174,
NZL,GDPHRWKD,TOT,USD,A,1993,32.60234,
NZL,GDPHRWKD,TOT,USD,A,1994,32.78373,
NZL,GDPHRWKD,TOT,USD,A,1995,33.04221,
NZL,GDPHRWKD,TOT,USD,A,1996,33.1503,
NZL,GDPHRWKD,TOT,USD,A,1997,34.28639,
NZL,GDPHRWKD,TOT,USD,A,1998,33.73945,
NZL,GDPHRWKD,TOT,USD,A,1999,34.13208,
NZL,GDPHRWKD,TOT,USD,A,2000,35.18297,
NZL,GDPHRWKD,TOT,USD,A,2001,35.84778,
NZL,GDPHRWKD,TOT,USD,A,2002,36.53419,
NZL,GDPHRWKD,TOT,USD,A,2003,37.22693,
NZL,GDPHRWKD,TOT,USD,A,2004,37.07037,
NZL,GDPHRWKD,TOT,USD,A,2005,36.98228,
NZL,GDPHRWKD,TOT,USD,A,2006,37.4469,
NZL,GDPHRWKD,TOT,USD,A,2007,38.92344,
NZL,GDPHRWKD,TOT,USD,A,2008,37.67884,
NZL,GDPHRWKD,TOT,USD,A,2009,39.66921,
NZL,GDPHRWKD,TOT,USD,A,2010,39.33432,
NZL,GDPHRWKD,TOT,USD,A,2011,40.07958,
NZL,GDPHRWKD,TOT,USD,A,2012,41.57826,
NZL,GDPHRWKD,TOT,USD,A,2013,40.71006,
NZL,GDPHRWKD,TOT,USD,A,2014,40.67963,
NZL,GDPHRWKD,TOT,USD,A,2015,41.62283,
NZL,GDPHRWKD,TOT,USD,A,2016,41.24146,
NZL,GDPHRWKD,TOT,USD,A,2017,41.30371,
NZL,GDPHRWKD,TOT,USD,A,2018,42.14604,
NZL,GDPHRWKD,TOT,USD,A,2019,41.8881,
NZL,GDPHRWKD,TOT,USD,A,2020,42.6281,
NZL,GDPHRWKD,TOT,USD,A,2021,43.67593,
NZL,GDPHRWKD,TOT,USD,A,2022,43.72473,E
NOR,GDPHRWKD,TOT,USD,A,1970,28.48969,
NOR,GDPHRWKD,TOT,USD,A,1971,30.18786,
NOR,GDPHRWKD,TOT,USD,A,1972,32.01447,
NOR,GDPHRWKD,TOT,USD,A,1973,33.50003,
NOR,GDPHRWKD,TOT,USD,A,1974,34.75449,
NOR,GDPHRWKD,TOT,USD,A,1975,36.19118,
NOR,GDPHRWKD,TOT,USD,A,1976,38.19593,
NOR,GDPHRWKD,TOT,USD,A,1977,39.50469,
NOR,GDPHRWKD,TOT,USD,A,1978,41.22702,
NOR,GDPHRWKD,TOT,USD,A,1979,43.02967,
NOR,GDPHRWKD,TOT,USD,A,1980,43.9125,
NOR,GDPHRWKD,TOT,USD,A,1981,44.29362,
NOR,GDPHRWKD,TOT,USD,A,1982,44.68994,
NOR,GDPHRWKD,TOT,USD,A,1983,46.75771,
NOR,GDPHRWKD,TOT,USD,A,1984,49.37519,
NOR,GDPHRWKD,TOT,USD,A,1985,50.90907,
NOR,GDPHRWKD,TOT,USD,A,1986,51.42704,
NOR,GDPHRWKD,TOT,USD,A,1987,52.18201,
NOR,GDPHRWKD,TOT,USD,A,1988,52.22796,
NOR,GDPHRWKD,TOT,USD,A,1989,54.42142,
NOR,GDPHRWKD,TOT,USD,A,1990,56.25329,
NOR,GDPHRWKD,TOT,USD,A,1991,58.64059,
NOR,GDPHRWKD,TOT,USD,A,1992,60.4766,
NOR,GDPHRWKD,TOT,USD,A,1993,61.85094,
NOR,GDPHRWKD,TOT,USD,A,1994,64.15809,
NOR,GDPHRWKD,TOT,USD,A,1995,66.16095,
NOR,GDPHRWKD,TOT,USD,A,1996,68.30641,
NOR,GDPHRWKD,TOT,USD,A,1997,70.06362,
NOR,GDPHRWKD,TOT,USD,A,1998,70.14797,
NOR,GDPHRWKD,TOT,USD,A,1999,71.00691,
NOR,GDPHRWKD,TOT,USD,A,2000,73.80132,
NOR,GDPHRWKD,TOT,USD,A,2001,76.53705,
NOR,GDPHRWKD,TOT,USD,A,2002,78.18388,
NOR,GDPHRWKD,TOT,USD,A,2003,80.7225,
NOR,GDPHRWKD,TOT,USD,A,2004,82.39308,
NOR,GDPHRWKD,TOT,USD,A,2005,83.303,
NOR,GDPHRWKD,TOT,USD,A,2006,82.75569,
NOR,GDPHRWKD,TOT,USD,A,2007,81.26677,
NOR,GDPHRWKD,TOT,USD,A,2008,78.86158,
NOR,GDPHRWKD,TOT,USD,A,2009,78.79768,
NOR,GDPHRWKD,TOT,USD,A,2010,79.20022,
NOR,GDPHRWKD,TOT,USD,A,2011,78.67446,
NOR,GDPHRWKD,TOT,USD,A,2012,79.3598,
NOR,GDPHRWKD,TOT,USD,A,2013,79.84955,
NOR,GDPHRWKD,TOT,USD,A,2014,80.48867,
NOR,GDPHRWKD,TOT,USD,A,2015,81.51708,
NOR,GDPHRWKD,TOT,USD,A,2016,82.06322,
NOR,GDPHRWKD,TOT,USD,A,2017,83.76164,
NOR,GDPHRWKD,TOT,USD,A,2018,83.11337,
NOR,GDPHRWKD,TOT,USD,A,2019,82.79385,
NOR,GDPHRWKD,TOT,USD,A,2020,83.54226,
NOR,GDPHRWKD,TOT,USD,A,2021,84.77447,
NOR,GDPHRWKD,TOT,USD,A,2022,84.26986,
POL,GDPHRWKD,TOT,USD,A,1993,14.5411,
POL,GDPHRWKD,TOT,USD,A,1994,15.25985,
POL,GDPHRWKD,TOT,USD,A,1995,16.48383,
POL,GDPHRWKD,TOT,USD,A,1996,17.15602,
POL,GDPHRWKD,TOT,USD,A,1997,18.05655,
POL,GDPHRWKD,TOT,USD,A,1998,18.90577,
POL,GDPHRWKD,TOT,USD,A,1999,20.60543,
POL,GDPHRWKD,TOT,USD,A,2000,22.24281,
POL,GDPHRWKD,TOT,USD,A,2001,23.01131,
POL,GDPHRWKD,TOT,USD,A,2002,24.27139,
POL,GDPHRWKD,TOT,USD,A,2003,25.3468,
POL,GDPHRWKD,TOT,USD,A,2004,26.30705,
POL,GDPHRWKD,TOT,USD,A,2005,26.72517,
POL,GDPHRWKD,TOT,USD,A,2006,27.46954,
POL,GDPHRWKD,TOT,USD,A,2007,28.18431,
POL,GDPHRWKD,TOT,USD,A,2008,28.40234,
POL,GDPHRWKD,TOT,USD,A,2009,29.3214,
POL,GDPHRWKD,TOT,USD,A,2010,31.08353,B
POL,GDPHRWKD,TOT,USD,A,2011,32.54966,
POL,GDPHRWKD,TOT,USD,A,2012,33.09926,
POL,GDPHRWKD,TOT,USD,A,2013,33.46658,
POL,GDPHRWKD,TOT,USD,A,2014,34.05052,
POL,GDPHRWKD,TOT,USD,A,2015,34.87979,
POL,GDPHRWKD,TOT,USD,A,2016,35.57778,
POL,GDPHRWKD,TOT,USD,A,2017,37.31522,
POL,GDPHRWKD,TOT,USD,A,2018,39.85423,
POL,GDPHRWKD,TOT,USD,A,2019,41.75235,
POL,GDPHRWKD,TOT,USD,A,2020,41.23043,
POL,GDPHRWKD,TOT,USD,A,2021,41.60378,
POL,GDPHRWKD,TOT,USD,A,2022,43.9318,
PRT,GDPHRWKD,TOT,USD,A,1970,15.88039,
PRT,GDPHRWKD,TOT,USD,A,1971,16.74587,
PRT,GDPHRWKD,TOT,USD,A,1972,18.29197,
PRT,GDPHRWKD,TOT,USD,A,1973,20.62406,
PRT,GDPHRWKD,TOT,USD,A,1974,19.60645,
PRT,GDPHRWKD,TOT,USD,A,1975,18.02281,
PRT,GDPHRWKD,TOT,USD,A,1976,19.11201,
PRT,GDPHRWKD,TOT,USD,A,1977,20.18749,
PRT,GDPHRWKD,TOT,USD,A,1978,20.93055,
PRT,GDPHRWKD,TOT,USD,A,1979,21.97038,
PRT,GDPHRWKD,TOT,USD,A,1980,22.60507,
PRT,GDPHRWKD,TOT,USD,A,1981,23.0002,
PRT,GDPHRWKD,TOT,USD,A,1982,23.64561,
PRT,GDPHRWKD,TOT,USD,A,1983,22.69038,
PRT,GDPHRWKD,TOT,USD,A,1984,22.45644,
PRT,GDPHRWKD,TOT,USD,A,1985,23.32457,
PRT,GDPHRWKD,TOT,USD,A,1986,24.39739,
PRT,GDPHRWKD,TOT,USD,A,1987,25.08265,
PRT,GDPHRWKD,TOT,USD,A,1988,26.28481,
PRT,GDPHRWKD,TOT,USD,A,1989,27.06945,
PRT,GDPHRWKD,TOT,USD,A,1990,27.70983,
PRT,GDPHRWKD,TOT,USD,A,1991,29.15692,
PRT,GDPHRWKD,TOT,USD,A,1992,30.20407,
PRT,GDPHRWKD,TOT,USD,A,1993,30.16693,
PRT,GDPHRWKD,TOT,USD,A,1994,30.36115,
PRT,GDPHRWKD,TOT,USD,A,1995,30.78664,
PRT,GDPHRWKD,TOT,USD,A,1996,31.32293,
PRT,GDPHRWKD,TOT,USD,A,1997,31.95128,
PRT,GDPHRWKD,TOT,USD,A,1998,32.30973,
PRT,GDPHRWKD,TOT,USD,A,1999,33.03021,
PRT,GDPHRWKD,TOT,USD,A,2000,33.38412,
PRT,GDPHRWKD,TOT,USD,A,2001,33.73982,
PRT,GDPHRWKD,TOT,USD,A,2002,33.99297,
PRT,GDPHRWKD,TOT,USD,A,2003,34.13158,
PRT,GDPHRWKD,TOT,USD,A,2004,34.87598,
PRT,GDPHRWKD,TOT,USD,A,2005,35.27231,
PRT,GDPHRWKD,TOT,USD,A,2006,35.928,
PRT,GDPHRWKD,TOT,USD,A,2007,36.49164,
PRT,GDPHRWKD,TOT,USD,A,2008,36.72766,
PRT,GDPHRWKD,TOT,USD,A,2009,36.56942,
PRT,GDPHRWKD,TOT,USD,A,2010,37.6856,
PRT,GDPHRWKD,TOT,USD,A,2011,38.24525,
PRT,GDPHRWKD,TOT,USD,A,2012,38.61912,
PRT,GDPHRWKD,TOT,USD,A,2013,39.17747,
PRT,GDPHRWKD,TOT,USD,A,2014,38.77961,
PRT,GDPHRWKD,TOT,USD,A,2015,38.77157,
PRT,GDPHRWKD,TOT,USD,A,2016,38.79611,
PRT,GDPHRWKD,TOT,USD,A,2017,39.11194,
PRT,GDPHRWKD,TOT,USD,A,2018,39.07529,
PRT,GDPHRWKD,TOT,USD,A,2019,39.66731,
PRT,GDPHRWKD,TOT,USD,A,2020,40.08425,
PRT,GDPHRWKD,TOT,USD,A,2021,40.61955,
PRT,GDPHRWKD,TOT,USD,A,2022,43.09808,
SVK,GDPHRWKD,TOT,USD,A,1995,18.99025,
SVK,GDPHRWKD,TOT,USD,A,1996,20.19822,
SVK,GDPHRWKD,TOT,USD,A,1997,21.49578,
SVK,GDPHRWKD,TOT,USD,A,1998,22.57838,
SVK,GDPHRWKD,TOT,USD,A,1999,23.21232,
SVK,GDPHRWKD,TOT,USD,A,2000,23.95931,
SVK,GDPHRWKD,TOT,USD,A,2001,24.80038,
SVK,GDPHRWKD,TOT,USD,A,2002,26.58342,
SVK,GDPHRWKD,TOT,USD,A,2003,28.66859,
SVK,GDPHRWKD,TOT,USD,A,2004,29.48,
SVK,GDPHRWKD,TOT,USD,A,2005,30.45269,
SVK,GDPHRWKD,TOT,USD,A,2006,32.27484,
SVK,GDPHRWKD,TOT,USD,A,2007,34.71075,
SVK,GDPHRWKD,TOT,USD,A,2008,35.45884,
SVK,GDPHRWKD,TOT,USD,A,2009,34.44363,
SVK,GDPHRWKD,TOT,USD,A,2010,36.80888,
SVK,GDPHRWKD,TOT,USD,A,2011,37.38487,
SVK,GDPHRWKD,TOT,USD,A,2012,37.94272,
SVK,GDPHRWKD,TOT,USD,A,2013,38.8606,
SVK,GDPHRWKD,TOT,USD,A,2014,39.62244,
SVK,GDPHRWKD,TOT,USD,A,2015,40.99075,
SVK,GDPHRWKD,TOT,USD,A,2016,41.14646,
SVK,GDPHRWKD,TOT,USD,A,2017,42.07531,
SVK,GDPHRWKD,TOT,USD,A,2018,43.15759,
SVK,GDPHRWKD,TOT,USD,A,2019,44.09276,
SVK,GDPHRWKD,TOT,USD,A,2020,46.75776,
SVK,GDPHRWKD,TOT,USD,A,2021,48.93567,
SVK,GDPHRWKD,TOT,USD,A,2022,47.75344,
ESP,GDPHRWKD,TOT,USD,A,1970,19.45644,
ESP,GDPHRWKD,TOT,USD,A,1971,20.25395,
ESP,GDPHRWKD,TOT,USD,A,1972,21.88324,
ESP,GDPHRWKD,TOT,USD,A,1973,23.26578,
ESP,GDPHRWKD,TOT,USD,A,1974,24.32634,
ESP,GDPHRWKD,TOT,USD,A,1975,24.74053,
ESP,GDPHRWKD,TOT,USD,A,1976,25.74129,
ESP,GDPHRWKD,TOT,USD,A,1977,26.6939,
ESP,GDPHRWKD,TOT,USD,A,1978,27.94393,
ESP,GDPHRWKD,TOT,USD,A,1979,29.07961,
ESP,GDPHRWKD,TOT,USD,A,1980,30.84191,
ESP,GDPHRWKD,TOT,USD,A,1981,32.12865,
ESP,GDPHRWKD,TOT,USD,A,1982,33.18228,
ESP,GDPHRWKD,TOT,USD,A,1983,34.48224,
ESP,GDPHRWKD,TOT,USD,A,1984,36.78587,
ESP,GDPHRWKD,TOT,USD,A,1985,38.24413,
ESP,GDPHRWKD,TOT,USD,A,1986,38.76899,
ESP,GDPHRWKD,TOT,USD,A,1987,39.22653,
ESP,GDPHRWKD,TOT,USD,A,1988,39.92161,
ESP,GDPHRWKD,TOT,USD,A,1989,40.66336,
ESP,GDPHRWKD,TOT,USD,A,1990,40.60977,
ESP,GDPHRWKD,TOT,USD,A,1991,40.93866,
ESP,GDPHRWKD,TOT,USD,A,1992,42.09459,
ESP,GDPHRWKD,TOT,USD,A,1993,43.07469,
ESP,GDPHRWKD,TOT,USD,A,1994,44.33627,
ESP,GDPHRWKD,TOT,USD,A,1995,44.70709,
ESP,GDPHRWKD,TOT,USD,A,1996,45.20221,
ESP,GDPHRWKD,TOT,USD,A,1997,45.1266,
ESP,GDPHRWKD,TOT,USD,A,1998,44.91399,
ESP,GDPHRWKD,TOT,USD,A,1999,44.75569,
ESP,GDPHRWKD,TOT,USD,A,2000,44.96372,
ESP,GDPHRWKD,TOT,USD,A,2001,45.03576,
ESP,GDPHRWKD,TOT,USD,A,2002,45.10558,
ESP,GDPHRWKD,TOT,USD,A,2003,45.23982,
ESP,GDPHRWKD,TOT,USD,A,2004,45.38482,
ESP,GDPHRWKD,TOT,USD,A,2005,45.56211,
ESP,GDPHRWKD,TOT,USD,A,2006,45.82854,
ESP,GDPHRWKD,TOT,USD,A,2007,46.33507,
ESP,GDPHRWKD,TOT,USD,A,2008,46.45436,
ESP,GDPHRWKD,TOT,USD,A,2009,47.57394,
ESP,GDPHRWKD,TOT,USD,A,2010,48.78331,
ESP,GDPHRWKD,TOT,USD,A,2011,49.50348,
ESP,GDPHRWKD,TOT,USD,A,2012,50.45845,
ESP,GDPHRWKD,TOT,USD,A,2013,51.20304,
ESP,GDPHRWKD,TOT,USD,A,2014,51.36157,
ESP,GDPHRWKD,TOT,USD,A,2015,51.76951,
ESP,GDPHRWKD,TOT,USD,A,2016,52.00619,
ESP,GDPHRWKD,TOT,USD,A,2017,52.46058,
ESP,GDPHRWKD,TOT,USD,A,2018,52.34069,
ESP,GDPHRWKD,TOT,USD,A,2019,52.63103,
ESP,GDPHRWKD,TOT,USD,A,2020,52.53885,
ESP,GDPHRWKD,TOT,USD,A,2021,52.1403,
ESP,GDPHRWKD,TOT,USD,A,2022,53.08347,
SWE,GDPHRWKD,TOT,USD,A,1970,30.57446,
SWE,GDPHRWKD,TOT,USD,A,1971,31.50612,
SWE,GDPHRWKD,TOT,USD,A,1972,32.89687,
SWE,GDPHRWKD,TOT,USD,A,1973,34.40638,
SWE,GDPHRWKD,TOT,USD,A,1974,35.22375,
SWE,GDPHRWKD,TOT,USD,A,1975,35.95594,
SWE,GDPHRWKD,TOT,USD,A,1976,35.94229,
SWE,GDPHRWKD,TOT,USD,A,1977,36.0392,
SWE,GDPHRWKD,TOT,USD,A,1978,37.40536,
SWE,GDPHRWKD,TOT,USD,A,1979,38.62036,
SWE,GDPHRWKD,TOT,USD,A,1980,38.81215,
SWE,GDPHRWKD,TOT,USD,A,1981,39.1571,
SWE,GDPHRWKD,TOT,USD,A,1982,39.35787,
SWE,GDPHRWKD,TOT,USD,A,1983,39.75533,
SWE,GDPHRWKD,TOT,USD,A,1984,41.01481,
SWE,GDPHRWKD,TOT,USD,A,1985,41.3664,
SWE,GDPHRWKD,TOT,USD,A,1986,42.27369,
SWE,GDPHRWKD,TOT,USD,A,1987,43.06705,
SWE,GDPHRWKD,TOT,USD,A,1988,43.01841,
SWE,GDPHRWKD,TOT,USD,A,1989,43.58105,
SWE,GDPHRWKD,TOT,USD,A,1990,43.59143,
SWE,GDPHRWKD,TOT,USD,A,1991,44.14025,
SWE,GDPHRWKD,TOT,USD,A,1992,45.13969,
SWE,GDPHRWKD,TOT,USD,A,1993,46.12127,
SWE,GDPHRWKD,TOT,USD,A,1994,47.21758,
SWE,GDPHRWKD,TOT,USD,A,1995,48.139,
SWE,GDPHRWKD,TOT,USD,A,1996,48.92547,
SWE,GDPHRWKD,TOT,USD,A,1997,50.93377,
SWE,GDPHRWKD,TOT,USD,A,1998,52.2839,
SWE,GDPHRWKD,TOT,USD,A,1999,53.08907,
SWE,GDPHRWKD,TOT,USD,A,2000,55.00383,
SWE,GDPHRWKD,TOT,USD,A,2001,55.43948,
SWE,GDPHRWKD,TOT,USD,A,2002,57.44873,
SWE,GDPHRWKD,TOT,USD,A,2003,59.62107,
SWE,GDPHRWKD,TOT,USD,A,2004,61.71979,
SWE,GDPHRWKD,TOT,USD,A,2005,63.47329,
SWE,GDPHRWKD,TOT,USD,A,2006,65.30131,
SWE,GDPHRWKD,TOT,USD,A,2007,65.48928,
SWE,GDPHRWKD,TOT,USD,A,2008,64.33617,
SWE,GDPHRWKD,TOT,USD,A,2009,63.43005,
SWE,GDPHRWKD,TOT,USD,A,2010,65.65333,
SWE,GDPHRWKD,TOT,USD,A,2011,66.18553,
SWE,GDPHRWKD,TOT,USD,A,2012,65.86874,
SWE,GDPHRWKD,TOT,USD,A,2013,66.39583,
SWE,GDPHRWKD,TOT,USD,A,2014,67.1529,
SWE,GDPHRWKD,TOT,USD,A,2015,69.07451,
SWE,GDPHRWKD,TOT,USD,A,2016,68.64967,
SWE,GDPHRWKD,TOT,USD,A,2017,69.26133,
SWE,GDPHRWKD,TOT,USD,A,2018,69.51452,
SWE,GDPHRWKD,TOT,USD,A,2019,71.10122,
SWE,GDPHRWKD,TOT,USD,A,2020,71.85787,
SWE,GDPHRWKD,TOT,USD,A,2021,74.39213,
SWE,GDPHRWKD,TOT,USD,A,2022,74.74409,
CHE,GDPHRWKD,TOT,USD,A,1970,41.14825,
CHE,GDPHRWKD,TOT,USD,A,1971,42.2884,
CHE,GDPHRWKD,TOT,USD,A,1972,43.562,
CHE,GDPHRWKD,TOT,USD,A,1973,45.064,
CHE,GDPHRWKD,TOT,USD,A,1974,46.44824,
CHE,GDPHRWKD,TOT,USD,A,1975,45.4368,
CHE,GDPHRWKD,TOT,USD,A,1976,46.21849,
CHE,GDPHRWKD,TOT,USD,A,1977,47.81089,
CHE,GDPHRWKD,TOT,USD,A,1978,47.9036,
CHE,GDPHRWKD,TOT,USD,A,1979,48.91251,
CHE,GDPHRWKD,TOT,USD,A,1980,50.41109,
CHE,GDPHRWKD,TOT,USD,A,1981,50.58097,
CHE,GDPHRWKD,TOT,USD,A,1982,49.97738,
CHE,GDPHRWKD,TOT,USD,A,1983,50.71443,
CHE,GDPHRWKD,TOT,USD,A,1984,52.29789,
CHE,GDPHRWKD,TOT,USD,A,1985,53.34169,
CHE,GDPHRWKD,TOT,USD,A,1986,53.3869,
CHE,GDPHRWKD,TOT,USD,A,1987,52.96817,
CHE,GDPHRWKD,TOT,USD,A,1988,53.33251,
CHE,GDPHRWKD,TOT,USD,A,1989,54.66105,
CHE,GDPHRWKD,TOT,USD,A,1990,55.23683,
CHE,GDPHRWKD,TOT,USD,A,1991,53.81641,B
CHE,GDPHRWKD,TOT,USD,A,1992,54.29268,
CHE,GDPHRWKD,TOT,USD,A,1993,54.78984,
CHE,GDPHRWKD,TOT,USD,A,1994,55.17357,
CHE,GDPHRWKD,TOT,USD,A,1995,56.15785,
CHE,GDPHRWKD,TOT,USD,A,1996,57.36036,
CHE,GDPHRWKD,TOT,USD,A,1997,59.07094,
CHE,GDPHRWKD,TOT,USD,A,1998,59.7773,
CHE,GDPHRWKD,TOT,USD,A,1999,59.51301,
CHE,GDPHRWKD,TOT,USD,A,2000,61.43702,
CHE,GDPHRWKD,TOT,USD,A,2001,62.8478,
CHE,GDPHRWKD,TOT,USD,A,2002,63.17154,
CHE,GDPHRWKD,TOT,USD,A,2003,62.87144,
CHE,GDPHRWKD,TOT,USD,A,2004,63.23669,
CHE,GDPHRWKD,TOT,USD,A,2005,64.69383,
CHE,GDPHRWKD,TOT,USD,A,2006,66.31516,
CHE,GDPHRWKD,TOT,USD,A,2007,67.59524,
CHE,GDPHRWKD,TOT,USD,A,2008,68.25361,
CHE,GDPHRWKD,TOT,USD,A,2009,66.72348,
CHE,GDPHRWKD,TOT,USD,A,2010,68.62032,
CHE,GDPHRWKD,TOT,USD,A,2011,68.22762,
CHE,GDPHRWKD,TOT,USD,A,2012,68.49478,
CHE,GDPHRWKD,TOT,USD,A,2013,69.7599,
CHE,GDPHRWKD,TOT,USD,A,2014,70.44742,
CHE,GDPHRWKD,TOT,USD,A,2015,69.98234,
CHE,GDPHRWKD,TOT,USD,A,2016,70.43163,
CHE,GDPHRWKD,TOT,USD,A,2017,71.56124,
CHE,GDPHRWKD,TOT,USD,A,2018,73.21285,
CHE,GDPHRWKD,TOT,USD,A,2019,73.61938,
CHE,GDPHRWKD,TOT,USD,A,2020,74.83467,
CHE,GDPHRWKD,TOT,USD,A,2021,76.94534,
CHE,GDPHRWKD,TOT,USD,A,2022,77.69452,
TUR,GDPHRWKD,TOT,USD,A,1970,11.17779,
TUR,GDPHRWKD,TOT,USD,A,1971,11.6524,
TUR,GDPHRWKD,TOT,USD,A,1972,12.22939,
TUR,GDPHRWKD,TOT,USD,A,1973,12.45019,
TUR,GDPHRWKD,TOT,USD,A,1974,12.91963,
TUR,GDPHRWKD,TOT,USD,A,1975,13.78674,
TUR,GDPHRWKD,TOT,USD,A,1976,15.13983,
TUR,GDPHRWKD,TOT,USD,A,1977,15.29765,
TUR,GDPHRWKD,TOT,USD,A,1978,15.44888,
TUR,GDPHRWKD,TOT,USD,A,1979,15.25612,
TUR,GDPHRWKD,TOT,USD,A,1980,14.75456,
TUR,GDPHRWKD,TOT,USD,A,1981,15.39689,
TUR,GDPHRWKD,TOT,USD,A,1982,15.8408,
TUR,GDPHRWKD,TOT,USD,A,1983,16.53319,
TUR,GDPHRWKD,TOT,USD,A,1984,17.9759,
TUR,GDPHRWKD,TOT,USD,A,1985,18.17146,
TUR,GDPHRWKD,TOT,USD,A,1986,19.25355,
TUR,GDPHRWKD,TOT,USD,A,1987,21.05396,
TUR,GDPHRWKD,TOT,USD,A,1988,21.26664,
TUR,GDPHRWKD,TOT,USD,A,1989,20.45431,
TUR,GDPHRWKD,TOT,USD,A,1990,21.98826,
TUR,GDPHRWKD,TOT,USD,A,1991,21.3052,
TUR,GDPHRWKD,TOT,USD,A,1992,22.06697,
TUR,GDPHRWKD,TOT,USD,A,1993,24.78493,
TUR,GDPHRWKD,TOT,USD,A,1994,22.06867,
TUR,GDPHRWKD,TOT,USD,A,1995,23.12762,
TUR,GDPHRWKD,TOT,USD,A,1996,23.85078,
TUR,GDPHRWKD,TOT,USD,A,1997,25.82456,
TUR,GDPHRWKD,TOT,USD,A,1998,25.85449,
TUR,GDPHRWKD,TOT,USD,A,1999,24.18609,
TUR,GDPHRWKD,TOT,USD,A,2000,26.24635,
TUR,GDPHRWKD,TOT,USD,A,2001,24.68187,
TUR,GDPHRWKD,TOT,USD,A,2002,26.33998,
TUR,GDPHRWKD,TOT,USD,A,2003,28.07832,
TUR,GDPHRWKD,TOT,USD,A,2004,30.64428,
TUR,GDPHRWKD,TOT,USD,A,2005,32.58028,
TUR,GDPHRWKD,TOT,USD,A,2006,34.11169,
TUR,GDPHRWKD,TOT,USD,A,2007,35.92423,
TUR,GDPHRWKD,TOT,USD,A,2008,35.80501,
TUR,GDPHRWKD,TOT,USD,A,2009,34.32824,
TUR,GDPHRWKD,TOT,USD,A,2010,35.19322,
TUR,GDPHRWKD,TOT,USD,A,2011,37.12837,
TUR,GDPHRWKD,TOT,USD,A,2012,37.90597,
TUR,GDPHRWKD,TOT,USD,A,2013,40.46503,
TUR,GDPHRWKD,TOT,USD,A,2014,40.44313,
TUR,GDPHRWKD,TOT,USD,A,2015,42.09422,
TUR,GDPHRWKD,TOT,USD,A,2016,43.04479,
TUR,GDPHRWKD,TOT,USD,A,2017,45.09056,
TUR,GDPHRWKD,TOT,USD,A,2018,46.22763,
TUR,GDPHRWKD,TOT,USD,A,2019,47.98861,
TUR,GDPHRWKD,TOT,USD,A,2020,56.53938,
TUR,GDPHRWKD,TOT,USD,A,2021,53.1293,E
TUR,GDPHRWKD,TOT,USD,A,2022,52.75261,
GBR,GDPHRWKD,TOT,USD,A,1970,23.19707,
GBR,GDPHRWKD,TOT,USD,A,1971,24.71013,
GBR,GDPHRWKD,TOT,USD,A,1972,26.17081,
GBR,GDPHRWKD,TOT,USD,A,1973,26.64726,
GBR,GDPHRWKD,TOT,USD,A,1974,26.45563,
GBR,GDPHRWKD,TOT,USD,A,1975,26.23583,
GBR,GDPHRWKD,TOT,USD,A,1976,27.408,
GBR,GDPHRWKD,TOT,USD,A,1977,28.34513,
GBR,GDPHRWKD,TOT,USD,A,1978,29.70469,
GBR,GDPHRWKD,TOT,USD,A,1979,30.64041,
GBR,GDPHRWKD,TOT,USD,A,1980,30.93326,
GBR,GDPHRWKD,TOT,USD,A,1981,32.78359,
GBR,GDPHRWKD,TOT,USD,A,1982,33.75947,
GBR,GDPHRWKD,TOT,USD,A,1983,35.54178,
GBR,GDPHRWKD,TOT,USD,A,1984,35.21925,
GBR,GDPHRWKD,TOT,USD,A,1985,35.61871,
GBR,GDPHRWKD,TOT,USD,A,1986,36.55692,
GBR,GDPHRWKD,TOT,USD,A,1987,37.90912,
GBR,GDPHRWKD,TOT,USD,A,1988,37.83384,
GBR,GDPHRWKD,TOT,USD,A,1989,37.99033,
GBR,GDPHRWKD,TOT,USD,A,1990,38.41661,
GBR,GDPHRWKD,TOT,USD,A,1991,39.19143,
GBR,GDPHRWKD,TOT,USD,A,1992,41.06146,
GBR,GDPHRWKD,TOT,USD,A,1993,42.55086,
GBR,GDPHRWKD,TOT,USD,A,1994,43.58876,
GBR,GDPHRWKD,TOT,USD,A,1995,44.19886,
GBR,GDPHRWKD,TOT,USD,A,1996,44.91914,
GBR,GDPHRWKD,TOT,USD,A,1997,46.30234,
GBR,GDPHRWKD,TOT,USD,A,1998,47.53668,
GBR,GDPHRWKD,TOT,USD,A,1999,48.60216,
GBR,GDPHRWKD,TOT,USD,A,2000,50.58949,
GBR,GDPHRWKD,TOT,USD,A,2001,51.31598,
GBR,GDPHRWKD,TOT,USD,A,2002,52.4469,
GBR,GDPHRWKD,TOT,USD,A,2003,53.88204,
GBR,GDPHRWKD,TOT,USD,A,2004,54.60243,
GBR,GDPHRWKD,TOT,USD,A,2005,55.10941,
GBR,GDPHRWKD,TOT,USD,A,2006,56.14621,
GBR,GDPHRWKD,TOT,USD,A,2007,56.97287,
GBR,GDPHRWKD,TOT,USD,A,2008,56.96747,
GBR,GDPHRWKD,TOT,USD,A,2009,55.53385,
GBR,GDPHRWKD,TOT,USD,A,2010,56.97722,
GBR,GDPHRWKD,TOT,USD,A,2011,57.03265,
GBR,GDPHRWKD,TOT,USD,A,2012,56.68498,
GBR,GDPHRWKD,TOT,USD,A,2013,56.94198,
GBR,GDPHRWKD,TOT,USD,A,2014,57.07978,
GBR,GDPHRWKD,TOT,USD,A,2015,57.99668,
GBR,GDPHRWKD,TOT,USD,A,2016,57.64344,
GBR,GDPHRWKD,TOT,USD,A,2017,58.8063,
GBR,GDPHRWKD,TOT,USD,A,2018,58.90918,
GBR,GDPHRWKD,TOT,USD,A,2019,59.20083,
GBR,GDPHRWKD,TOT,USD,A,2020,60.30912,
GBR,GDPHRWKD,TOT,USD,A,2021,59.87831,
GBR,GDPHRWKD,TOT,USD,A,2022,60.48192,
USA,GDPHRWKD,TOT,USD,A,1970,33.70883,
USA,GDPHRWKD,TOT,USD,A,1971,34.97294,
USA,GDPHRWKD,TOT,USD,A,1972,35.82355,
USA,GDPHRWKD,TOT,USD,A,1973,36.67383,
USA,GDPHRWKD,TOT,USD,A,1974,36.34297,
USA,GDPHRWKD,TOT,USD,A,1975,37.33795,
USA,GDPHRWKD,TOT,USD,A,1976,38.24255,
USA,GDPHRWKD,TOT,USD,A,1977,38.65058,
USA,GDPHRWKD,TOT,USD,A,1978,38.9567,
USA,GDPHRWKD,TOT,USD,A,1979,39.13117,
USA,GDPHRWKD,TOT,USD,A,1980,39.13909,
USA,GDPHRWKD,TOT,USD,A,1981,40.04701,
USA,GDPHRWKD,TOT,USD,A,1982,39.91835,
USA,GDPHRWKD,TOT,USD,A,1983,41.01066,
USA,GDPHRWKD,TOT,USD,A,1984,41.86562,
USA,GDPHRWKD,TOT,USD,A,1985,42.63551,
USA,GDPHRWKD,TOT,USD,A,1986,43.59994,
USA,GDPHRWKD,TOT,USD,A,1987,43.91678,
USA,GDPHRWKD,TOT,USD,A,1988,44.4245,
USA,GDPHRWKD,TOT,USD,A,1989,44.81588,
USA,GDPHRWKD,TOT,USD,A,1990,45.5833,
USA,GDPHRWKD,TOT,USD,A,1991,46.18049,
USA,GDPHRWKD,TOT,USD,A,1992,47.76689,
USA,GDPHRWKD,TOT,USD,A,1993,47.94876,
USA,GDPHRWKD,TOT,USD,A,1994,48.35494,
USA,GDPHRWKD,TOT,USD,A,1995,48.46133,
USA,GDPHRWKD,TOT,USD,A,1996,49.66611,
USA,GDPHRWKD,TOT,USD,A,1997,50.38603,
USA,GDPHRWKD,TOT,USD,A,1998,51.51958,
USA,GDPHRWKD,TOT,USD,A,1999,53.04144,
USA,GDPHRWKD,TOT,USD,A,2000,54.49817,
USA,GDPHRWKD,TOT,USD,A,2001,55.69384,
USA,GDPHRWKD,TOT,USD,A,2002,57.23457,
USA,GDPHRWKD,TOT,USD,A,2003,58.96522,
USA,GDPHRWKD,TOT,USD,A,2004,60.50804,
USA,GDPHRWKD,TOT,USD,A,2005,61.77208,
USA,GDPHRWKD,TOT,USD,A,2006,62.35694,
USA,GDPHRWKD,TOT,USD,A,2007,63.23258,
USA,GDPHRWKD,TOT,USD,A,2008,64.04243,
USA,GDPHRWKD,TOT,USD,A,2009,66.08923,
USA,GDPHRWKD,TOT,USD,A,2010,67.83589,
USA,GDPHRWKD,TOT,USD,A,2011,67.86187,
USA,GDPHRWKD,TOT,USD,A,2012,68.11806,
USA,GDPHRWKD,TOT,USD,A,2013,68.40785,
USA,GDPHRWKD,TOT,USD,A,2014,68.66501,
USA,GDPHRWKD,TOT,USD,A,2015,69.04747,
USA,GDPHRWKD,TOT,USD,A,2016,69.25666,
USA,GDPHRWKD,TOT,USD,A,2017,69.87691,
USA,GDPHRWKD,TOT,USD,A,2018,70.6647,
USA,GDPHRWKD,TOT,USD,A,2019,71.52055,
USA,GDPHRWKD,TOT,USD,A,2020,73.95756,
USA,GDPHRWKD,TOT,USD,A,2021,74.83822,
USA,GDPHRWKD,TOT,USD,A,2022,73.98951,
CHL,GDPHRWKD,TOT,USD,A,1986,9.74371,
CHL,GDPHRWKD,TOT,USD,A,1987,9.979245,
CHL,GDPHRWKD,TOT,USD,A,1988,10.09208,
CHL,GDPHRWKD,TOT,USD,A,1989,10.5493,
CHL,GDPHRWKD,TOT,USD,A,1990,10.67249,
CHL,GDPHRWKD,TOT,USD,A,1991,11.36378,
CHL,GDPHRWKD,TOT,USD,A,1992,12.22351,
CHL,GDPHRWKD,TOT,USD,A,1993,12.50875,
CHL,GDPHRWKD,TOT,USD,A,1994,13.24603,
CHL,GDPHRWKD,TOT,USD,A,1995,14.64487,
CHL,GDPHRWKD,TOT,USD,A,1996,15.63437,
CHL,GDPHRWKD,TOT,USD,A,1997,16.89096,
CHL,GDPHRWKD,TOT,USD,A,1998,16.90737,
CHL,GDPHRWKD,TOT,USD,A,1999,17.2753,
CHL,GDPHRWKD,TOT,USD,A,2000,17.91401,
CHL,GDPHRWKD,TOT,USD,A,2001,18.46789,
CHL,GDPHRWKD,TOT,USD,A,2002,18.6424,
CHL,GDPHRWKD,TOT,USD,A,2003,18.91371,
CHL,GDPHRWKD,TOT,USD,A,2004,19.66666,
CHL,GDPHRWKD,TOT,USD,A,2005,20.75678,
CHL,GDPHRWKD,TOT,USD,A,2006,21.57624,
CHL,GDPHRWKD,TOT,USD,A,2007,22.45224,
CHL,GDPHRWKD,TOT,USD,A,2008,22.9838,
CHL,GDPHRWKD,TOT,USD,A,2009,23.12702,
CHL,GDPHRWKD,TOT,USD,A,2010,22.04752,
CHL,GDPHRWKD,TOT,USD,A,2011,22.52416,
CHL,GDPHRWKD,TOT,USD,A,2012,23.64749,
CHL,GDPHRWKD,TOT,USD,A,2013,23.9972,
CHL,GDPHRWKD,TOT,USD,A,2014,24.41223,
CHL,GDPHRWKD,TOT,USD,A,2015,24.52541,
CHL,GDPHRWKD,TOT,USD,A,2016,24.86927,
CHL,GDPHRWKD,TOT,USD,A,2017,24.79409,
CHL,GDPHRWKD,TOT,USD,A,2018,25.31954,
CHL,GDPHRWKD,TOT,USD,A,2019,25.29755,
CHL,GDPHRWKD,TOT,USD,A,2020,28.54838,
CHL,GDPHRWKD,TOT,USD,A,2021,28.94544,
CHL,GDPHRWKD,TOT,USD,A,2022,27.12153,
EST,GDPHRWKD,TOT,USD,A,2000,21.16062,
EST,GDPHRWKD,TOT,USD,A,2001,22.38878,
EST,GDPHRWKD,TOT,USD,A,2002,23.88228,
EST,GDPHRWKD,TOT,USD,A,2003,25.08695,
EST,GDPHRWKD,TOT,USD,A,2004,26.79123,
EST,GDPHRWKD,TOT,USD,A,2005,28.37868,
EST,GDPHRWKD,TOT,USD,A,2006,29.8093,
EST,GDPHRWKD,TOT,USD,A,2007,32.04891,
EST,GDPHRWKD,TOT,USD,A,2008,30.94125,
EST,GDPHRWKD,TOT,USD,A,2009,31.59305,
EST,GDPHRWKD,TOT,USD,A,2010,33.27519,
EST,GDPHRWKD,TOT,USD,A,2011,32.72699,
EST,GDPHRWKD,TOT,USD,A,2012,33.82758,
EST,GDPHRWKD,TOT,USD,A,2013,34.25879,
EST,GDPHRWKD,TOT,USD,A,2014,35.1431,
EST,GDPHRWKD,TOT,USD,A,2015,34.94129,
EST,GDPHRWKD,TOT,USD,A,2016,35.87063,
EST,GDPHRWKD,TOT,USD,A,2017,36.92493,
EST,GDPHRWKD,TOT,USD,A,2018,39.32842,
EST,GDPHRWKD,TOT,USD,A,2019,40.59318,
EST,GDPHRWKD,TOT,USD,A,2020,42.94026,
EST,GDPHRWKD,TOT,USD,A,2021,42.91115,
EST,GDPHRWKD,TOT,USD,A,2022,40.42426,
ISR,GDPHRWKD,TOT,USD,A,1981,26.18904,
ISR,GDPHRWKD,TOT,USD,A,1982,26.64233,
ISR,GDPHRWKD,TOT,USD,A,1983,26.78743,
ISR,GDPHRWKD,TOT,USD,A,1984,26.56983,
ISR,GDPHRWKD,TOT,USD,A,1985,27.47757,
ISR,GDPHRWKD,TOT,USD,A,1986,28.22425,
ISR,GDPHRWKD,TOT,USD,A,1987,29.39431,
ISR,GDPHRWKD,TOT,USD,A,1988,29.94564,
ISR,GDPHRWKD,TOT,USD,A,1989,29.56411,
ISR,GDPHRWKD,TOT,USD,A,1990,31.09582,
ISR,GDPHRWKD,TOT,USD,A,1991,31.87044,
ISR,GDPHRWKD,TOT,USD,A,1992,31.68857,
ISR,GDPHRWKD,TOT,USD,A,1993,31.47941,
ISR,GDPHRWKD,TOT,USD,A,1994,31.05094,
ISR,GDPHRWKD,TOT,USD,A,1995,30.7359,
ISR,GDPHRWKD,TOT,USD,A,1996,31.03287,
ISR,GDPHRWKD,TOT,USD,A,1997,31.30529,
ISR,GDPHRWKD,TOT,USD,A,1998,32.13342,
ISR,GDPHRWKD,TOT,USD,A,1999,32.02175,
ISR,GDPHRWKD,TOT,USD,A,2000,33.2806,
ISR,GDPHRWKD,TOT,USD,A,2001,33.63098,
ISR,GDPHRWKD,TOT,USD,A,2002,33.05302,
ISR,GDPHRWKD,TOT,USD,A,2003,33.43519,
ISR,GDPHRWKD,TOT,USD,A,2004,34.9166,
ISR,GDPHRWKD,TOT,USD,A,2005,35.41765,
ISR,GDPHRWKD,TOT,USD,A,2006,36.56933,
ISR,GDPHRWKD,TOT,USD,A,2007,36.96641,
ISR,GDPHRWKD,TOT,USD,A,2008,36.93868,
ISR,GDPHRWKD,TOT,USD,A,2009,36.61047,
ISR,GDPHRWKD,TOT,USD,A,2010,37.66302,
ISR,GDPHRWKD,TOT,USD,A,2011,38.82335,
ISR,GDPHRWKD,TOT,USD,A,2012,38.81935,
ISR,GDPHRWKD,TOT,USD,A,2013,39.67099,
ISR,GDPHRWKD,TOT,USD,A,2014,40.4109,
ISR,GDPHRWKD,TOT,USD,A,2015,40.40596,
ISR,GDPHRWKD,TOT,USD,A,2016,40.68853,
ISR,GDPHRWKD,TOT,USD,A,2017,41.45378,
ISR,GDPHRWKD,TOT,USD,A,2018,42.58178,
ISR,GDPHRWKD,TOT,USD,A,2019,43.80795,
ISR,GDPHRWKD,TOT,USD,A,2020,46.75906,
ISR,GDPHRWKD,TOT,USD,A,2021,47.73445,
ISR,GDPHRWKD,TOT,USD,A,2022,47.6845,
RUS,GDPHRWKD,TOT,USD,A,1995,15.39712,
RUS,GDPHRWKD,TOT,USD,A,1996,15.06638,
RUS,GDPHRWKD,TOT,USD,A,1997,15.51573,
RUS,GDPHRWKD,TOT,USD,A,1998,15.16347,
RUS,GDPHRWKD,TOT,USD,A,1999,14.84125,
RUS,GDPHRWKD,TOT,USD,A,2000,15.65519,
RUS,GDPHRWKD,TOT,USD,A,2001,16.45549,
RUS,GDPHRWKD,TOT,USD,A,2002,16.82201,
RUS,GDPHRWKD,TOT,USD,A,2003,18.0109,
RUS,GDPHRWKD,TOT,USD,A,2004,19.06161,
RUS,GDPHRWKD,TOT,USD,A,2005,20.05129,
RUS,GDPHRWKD,TOT,USD,A,2006,21.37337,
RUS,GDPHRWKD,TOT,USD,A,2007,22.62236,
RUS,GDPHRWKD,TOT,USD,A,2008,23.70089,
RUS,GDPHRWKD,TOT,USD,A,2009,22.63199,
RUS,GDPHRWKD,TOT,USD,A,2010,23.41414,
RUS,GDPHRWKD,TOT,USD,A,2011,24.05807,
RUS,GDPHRWKD,TOT,USD,A,2012,24.74773,
RUS,GDPHRWKD,TOT,USD,A,2013,25.26195,
RUS,GDPHRWKD,TOT,USD,A,2014,25.33148,
RUS,GDPHRWKD,TOT,USD,A,2015,24.6493,
RUS,GDPHRWKD,TOT,USD,A,2016,24.7235,
RUS,GDPHRWKD,TOT,USD,A,2017,25.13793,
RUS,GDPHRWKD,TOT,USD,A,2018,25.88447,
RUS,GDPHRWKD,TOT,USD,A,2019,26.69823,
RUS,GDPHRWKD,TOT,USD,A,2020,27.68093,
SVN,GDPHRWKD,TOT,USD,A,1995,24.69642,
SVN,GDPHRWKD,TOT,USD,A,1996,26.42582,
SVN,GDPHRWKD,TOT,USD,A,1997,28.48187,
SVN,GDPHRWKD,TOT,USD,A,1998,29.22236,
SVN,GDPHRWKD,TOT,USD,A,1999,30.28251,
SVN,GDPHRWKD,TOT,USD,A,2000,31.26391,
SVN,GDPHRWKD,TOT,USD,A,2001,32.35508,
SVN,GDPHRWKD,TOT,USD,A,2002,32.49724,
SVN,GDPHRWKD,TOT,USD,A,2003,33.50062,
SVN,GDPHRWKD,TOT,USD,A,2004,34.59944,
SVN,GDPHRWKD,TOT,USD,A,2005,36.93807,
SVN,GDPHRWKD,TOT,USD,A,2006,39.12827,
SVN,GDPHRWKD,TOT,USD,A,2007,40.80836,
SVN,GDPHRWKD,TOT,USD,A,2008,40.7528,
SVN,GDPHRWKD,TOT,USD,A,2009,38.18115,
SVN,GDPHRWKD,TOT,USD,A,2010,39.49196,
SVN,GDPHRWKD,TOT,USD,A,2011,40.92547,
SVN,GDPHRWKD,TOT,USD,A,2012,40.69115,
SVN,GDPHRWKD,TOT,USD,A,2013,40.29288,
SVN,GDPHRWKD,TOT,USD,A,2014,40.75389,
SVN,GDPHRWKD,TOT,USD,A,2015,40.98106,
SVN,GDPHRWKD,TOT,USD,A,2016,42.405,
SVN,GDPHRWKD,TOT,USD,A,2017,44.00065,
SVN,GDPHRWKD,TOT,USD,A,2018,45.06183,
SVN,GDPHRWKD,TOT,USD,A,2019,45.57943,
SVN,GDPHRWKD,TOT,USD,A,2020,45.9311,
SVN,GDPHRWKD,TOT,USD,A,2021,47.19758,
SVN,GDPHRWKD,TOT,USD,A,2022,46.51184,
OECD,GDPHRWKD,TOT,USD,A,2000,41.90551,
OECD,GDPHRWKD,TOT,USD,A,2001,42.59459,
OECD,GDPHRWKD,TOT,USD,A,2002,43.20846,
OECD,GDPHRWKD,TOT,USD,A,2003,44.12291,
OECD,GDPHRWKD,TOT,USD,A,2004,45.11874,
OECD,GDPHRWKD,TOT,USD,A,2005,45.50853,
OECD,GDPHRWKD,TOT,USD,A,2006,46.17611,
OECD,GDPHRWKD,TOT,USD,A,2007,46.84723,
OECD,GDPHRWKD,TOT,USD,A,2008,46.97802,
OECD,GDPHRWKD,TOT,USD,A,2009,46.71502,
OECD,GDPHRWKD,TOT,USD,A,2010,47.80042,
OECD,GDPHRWKD,TOT,USD,A,2011,48.23087,
OECD,GDPHRWKD,TOT,USD,A,2012,48.45147,
OECD,GDPHRWKD,TOT,USD,A,2013,48.96761,
OECD,GDPHRWKD,TOT,USD,A,2014,49.36882,
OECD,GDPHRWKD,TOT,USD,A,2015,49.92607,
OECD,GDPHRWKD,TOT,USD,A,2016,50.24247,
OECD,GDPHRWKD,TOT,USD,A,2017,51.0258,
OECD,GDPHRWKD,TOT,USD,A,2018,51.51905,
OECD,GDPHRWKD,TOT,USD,A,2019,52.08472,
OECD,GDPHRWKD,TOT,USD,A,2020,54.06466,
OECD,GDPHRWKD,TOT,USD,A,2021,53.71753,
OECD,GDPHRWKD,TOT,USD,A,2022,53.44485,
EU28,GDPHRWKD,TOT,USD,A,1995,39.8214,
EU28,GDPHRWKD,TOT,USD,A,1996,40.34441,
EU28,GDPHRWKD,TOT,USD,A,1997,41.27579,
EU28,GDPHRWKD,TOT,USD,A,1998,42.00602,
EU28,GDPHRWKD,TOT,USD,A,1999,42.91703,
EU28,GDPHRWKD,TOT,USD,A,2000,44.28937,
EU28,GDPHRWKD,TOT,USD,A,2001,45.20524,
EU28,GDPHRWKD,TOT,USD,A,2002,46.1439,
EU28,GDPHRWKD,TOT,USD,A,2003,46.75929,
EU28,GDPHRWKD,TOT,USD,A,2004,47.53684,
EU28,GDPHRWKD,TOT,USD,A,2005,48.07373,
EU28,GDPHRWKD,TOT,USD,A,2006,48.87215,
EU28,GDPHRWKD,TOT,USD,A,2007,49.34097,
EU28,GDPHRWKD,TOT,USD,A,2008,49.194,
EU28,GDPHRWKD,TOT,USD,A,2009,48.55313,
EU28,GDPHRWKD,TOT,USD,A,2010,49.96885,
EU28,GDPHRWKD,TOT,USD,A,2011,50.74114,
EU28,GDPHRWKD,TOT,USD,A,2012,50.95536,
EU28,GDPHRWKD,TOT,USD,A,2013,51.41496,
EU28,GDPHRWKD,TOT,USD,A,2014,51.73562,
EU28,GDPHRWKD,TOT,USD,A,2015,52.47568,
EU28,GDPHRWKD,TOT,USD,A,2016,52.62909,
EU28,GDPHRWKD,TOT,USD,A,2017,53.46381,
EU28,GDPHRWKD,TOT,USD,A,2018,53.85331,
EU28,GDPHRWKD,TOT,USD,A,2019,54.24648,
G-7,GDPHRWKD,TOT,USD,A,1970,24.8439,
G-7,GDPHRWKD,TOT,USD,A,1971,25.87218,
G-7,GDPHRWKD,TOT,USD,A,1972,27.12575,
G-7,GDPHRWKD,TOT,USD,A,1973,28.26424,
G-7,GDPHRWKD,TOT,USD,A,1974,28.74106,
G-7,GDPHRWKD,TOT,USD,A,1975,29.35402,
G-7,GDPHRWKD,TOT,USD,A,1976,30.359,
G-7,GDPHRWKD,TOT,USD,A,1977,31.20008,
G-7,GDPHRWKD,TOT,USD,A,1978,32.0953,
G-7,GDPHRWKD,TOT,USD,A,1979,32.80893,
G-7,GDPHRWKD,TOT,USD,A,1980,33.08146,
G-7,GDPHRWKD,TOT,USD,A,1981,33.94987,
G-7,GDPHRWKD,TOT,USD,A,1982,34.28869,
G-7,GDPHRWKD,TOT,USD,A,1983,35.22637,
G-7,GDPHRWKD,TOT,USD,A,1984,36.12661,
G-7,GDPHRWKD,TOT,USD,A,1985,37.10254,
G-7,GDPHRWKD,TOT,USD,A,1986,37.87955,
G-7,GDPHRWKD,TOT,USD,A,1987,38.58466,
G-7,GDPHRWKD,TOT,USD,A,1988,39.49963,
G-7,GDPHRWKD,TOT,USD,A,1989,40.39723,
G-7,GDPHRWKD,TOT,USD,A,1990,41.385,
G-7,GDPHRWKD,TOT,USD,A,1991,42.13035,
G-7,GDPHRWKD,TOT,USD,A,1992,43.30748,
G-7,GDPHRWKD,TOT,USD,A,1993,43.97735,
G-7,GDPHRWKD,TOT,USD,A,1994,44.74983,
G-7,GDPHRWKD,TOT,USD,A,1995,45.4033,
G-7,GDPHRWKD,TOT,USD,A,1996,46.28543,
G-7,GDPHRWKD,TOT,USD,A,1997,47.15647,
G-7,GDPHRWKD,TOT,USD,A,1998,48.09392,
G-7,GDPHRWKD,TOT,USD,A,1999,49.34099,
G-7,GDPHRWKD,TOT,USD,A,2000,50.77787,
G-7,GDPHRWKD,TOT,USD,A,2001,51.73738,
G-7,GDPHRWKD,TOT,USD,A,2002,52.81413,
G-7,GDPHRWKD,TOT,USD,A,2003,53.80658,
G-7,GDPHRWKD,TOT,USD,A,2004,54.90482,
G-7,GDPHRWKD,TOT,USD,A,2005,55.82582,
G-7,GDPHRWKD,TOT,USD,A,2006,56.402,
G-7,GDPHRWKD,TOT,USD,A,2007,56.95644,
G-7,GDPHRWKD,TOT,USD,A,2008,57.22278,
G-7,GDPHRWKD,TOT,USD,A,2009,57.51968,
G-7,GDPHRWKD,TOT,USD,A,2010,58.91313,
G-7,GDPHRWKD,TOT,USD,A,2011,59.33262,
G-7,GDPHRWKD,TOT,USD,A,2012,59.59851,
G-7,GDPHRWKD,TOT,USD,A,2013,60.15418,
G-7,GDPHRWKD,TOT,USD,A,2014,60.53977,
G-7,GDPHRWKD,TOT,USD,A,2015,61.10091,
G-7,GDPHRWKD,TOT,USD,A,2016,61.29725,
G-7,GDPHRWKD,TOT,USD,A,2017,62.03558,
G-7,GDPHRWKD,TOT,USD,A,2018,62.52958,
G-7,GDPHRWKD,TOT,USD,A,2019,63.17576,
G-7,GDPHRWKD,TOT,USD,A,2020,64.69805,
G-7,GDPHRWKD,TOT,USD,A,2021,64.98674,
G-7,GDPHRWKD,TOT,USD,A,2022,64.7033,
LVA,GDPHRWKD,TOT,USD,A,1995,12.88075,
LVA,GDPHRWKD,TOT,USD,A,1996,13.15277,
LVA,GDPHRWKD,TOT,USD,A,1997,13.73653,
LVA,GDPHRWKD,TOT,USD,A,1998,14.67033,
LVA,GDPHRWKD,TOT,USD,A,1999,15.33812,
LVA,GDPHRWKD,TOT,USD,A,2000,16.74577,
LVA,GDPHRWKD,TOT,USD,A,2001,17.44637,
LVA,GDPHRWKD,TOT,USD,A,2002,18.72406,
LVA,GDPHRWKD,TOT,USD,A,2003,20.23734,
LVA,GDPHRWKD,TOT,USD,A,2004,22.27102,
LVA,GDPHRWKD,TOT,USD,A,2005,23.91108,
LVA,GDPHRWKD,TOT,USD,A,2006,25.49793,B
LVA,GDPHRWKD,TOT,USD,A,2007,27.53466,
LVA,GDPHRWKD,TOT,USD,A,2008,27.52016,
LVA,GDPHRWKD,TOT,USD,A,2009,28.25332,
LVA,GDPHRWKD,TOT,USD,A,2010,29.17675,
LVA,GDPHRWKD,TOT,USD,A,2011,29.23022,
LVA,GDPHRWKD,TOT,USD,A,2012,31.12252,
LVA,GDPHRWKD,TOT,USD,A,2013,31.13817,
LVA,GDPHRWKD,TOT,USD,A,2014,31.98678,
LVA,GDPHRWKD,TOT,USD,A,2015,33.40012,
LVA,GDPHRWKD,TOT,USD,A,2016,34.28198,
LVA,GDPHRWKD,TOT,USD,A,2017,35.72999,
LVA,GDPHRWKD,TOT,USD,A,2018,36.37212,
LVA,GDPHRWKD,TOT,USD,A,2019,37.29626,
LVA,GDPHRWKD,TOT,USD,A,2020,38.11168,
LVA,GDPHRWKD,TOT,USD,A,2021,41.11764,
LVA,GDPHRWKD,TOT,USD,A,2022,43.06378,
LTU,GDPHRWKD,TOT,USD,A,1995,15.72777,
LTU,GDPHRWKD,TOT,USD,A,1996,16.41016,
LTU,GDPHRWKD,TOT,USD,A,1997,17.61137,
LTU,GDPHRWKD,TOT,USD,A,1998,18.5796,
LTU,GDPHRWKD,TOT,USD,A,1999,19.34757,
LTU,GDPHRWKD,TOT,USD,A,2000,19.59394,
LTU,GDPHRWKD,TOT,USD,A,2001,21.85673,
LTU,GDPHRWKD,TOT,USD,A,2002,22.88727,
LTU,GDPHRWKD,TOT,USD,A,2003,24.98697,
LTU,GDPHRWKD,TOT,USD,A,2004,25.6167,
LTU,GDPHRWKD,TOT,USD,A,2005,27.33984,
LTU,GDPHRWKD,TOT,USD,A,2006,29.589,
LTU,GDPHRWKD,TOT,USD,A,2007,31.70129,
LTU,GDPHRWKD,TOT,USD,A,2008,32.47929,
LTU,GDPHRWKD,TOT,USD,A,2009,31.06983,
LTU,GDPHRWKD,TOT,USD,A,2010,32.83695,
LTU,GDPHRWKD,TOT,USD,A,2011,35.0934,
LTU,GDPHRWKD,TOT,USD,A,2012,35.8087,
LTU,GDPHRWKD,TOT,USD,A,2013,36.9062,
LTU,GDPHRWKD,TOT,USD,A,2014,37.61793,
LTU,GDPHRWKD,TOT,USD,A,2015,37.32159,
LTU,GDPHRWKD,TOT,USD,A,2016,36.94618,
LTU,GDPHRWKD,TOT,USD,A,2017,39.68459,
LTU,GDPHRWKD,TOT,USD,A,2018,40.53572,
LTU,GDPHRWKD,TOT,USD,A,2019,42.14993,
LTU,GDPHRWKD,TOT,USD,A,2020,44.7013,
LTU,GDPHRWKD,TOT,USD,A,2021,46.23233,
LTU,GDPHRWKD,TOT,USD,A,2022,44.96519,
EA19,GDPHRWKD,TOT,USD,A,1995,47.13857,
EA19,GDPHRWKD,TOT,USD,A,1996,47.65439,
EA19,GDPHRWKD,TOT,USD,A,1997,48.54405,
EA19,GDPHRWKD,TOT,USD,A,1998,49.04542,
EA19,GDPHRWKD,TOT,USD,A,1999,49.72683,
EA19,GDPHRWKD,TOT,USD,A,2000,50.91596,
EA19,GDPHRWKD,TOT,USD,A,2001,51.68251,
EA19,GDPHRWKD,TOT,USD,A,2002,52.1188,
EA19,GDPHRWKD,TOT,USD,A,2003,52.37707,
EA19,GDPHRWKD,TOT,USD,A,2004,53.00775,
EA19,GDPHRWKD,TOT,USD,A,2005,53.48351,
EA19,GDPHRWKD,TOT,USD,A,2006,54.24657,
EA19,GDPHRWKD,TOT,USD,A,2007,54.74416,
EA19,GDPHRWKD,TOT,USD,A,2008,54.63234,
EA19,GDPHRWKD,TOT,USD,A,2009,54.04102,
EA19,GDPHRWKD,TOT,USD,A,2010,55.37775,
EA19,GDPHRWKD,TOT,USD,A,2011,56.21512,
EA19,GDPHRWKD,TOT,USD,A,2012,56.54814,
EA19,GDPHRWKD,TOT,USD,A,2013,57.07149,
EA19,GDPHRWKD,TOT,USD,A,2014,57.49553,
EA19,GDPHRWKD,TOT,USD,A,2015,58.12302,
EA19,GDPHRWKD,TOT,USD,A,2016,58.27862,
EA19,GDPHRWKD,TOT,USD,A,2017,59.16176,
EA19,GDPHRWKD,TOT,USD,A,2018,59.2184,
EA19,GDPHRWKD,TOT,USD,A,2019,59.60941,
EA19,GDPHRWKD,TOT,USD,A,2020,60.92939,
EA19,GDPHRWKD,TOT,USD,A,2021,60.8852,
EA19,GDPHRWKD,TOT,USD,A,2022,60.8446,
ZAF,GDPHRWKD,TOT,USD,A,2001,15.8767,
ZAF,GDPHRWKD,TOT,USD,A,2002,16.56748,
ZAF,GDPHRWKD,TOT,USD,A,2003,17.75393,
ZAF,GDPHRWKD,TOT,USD,A,2004,18.0225,
ZAF,GDPHRWKD,TOT,USD,A,2005,17.46995,
ZAF,GDPHRWKD,TOT,USD,A,2006,18.18969,
ZAF,GDPHRWKD,TOT,USD,A,2007,19.04336,
ZAF,GDPHRWKD,TOT,USD,A,2008,18.44621,
ZAF,GDPHRWKD,TOT,USD,A,2009,18.95265,
ZAF,GDPHRWKD,TOT,USD,A,2010,20.22557,
ZAF,GDPHRWKD,TOT,USD,A,2011,20.29993,
ZAF,GDPHRWKD,TOT,USD,A,2012,20.51617,
ZAF,GDPHRWKD,TOT,USD,A,2013,20.51446,
ZAF,GDPHRWKD,TOT,USD,A,2014,20.53306,
ZAF,GDPHRWKD,TOT,USD,A,2015,22.55387,E
ZAF,GDPHRWKD,TOT,USD,A,2016,19.93828,E
ZAF,GDPHRWKD,TOT,USD,A,2017,19.92722,E
ZAF,GDPHRWKD,TOT,USD,A,2018,19.85983,E
ZAF,GDPHRWKD,TOT,USD,A,2019,19.80326,E
ZAF,GDPHRWKD,TOT,USD,A,2020,21.26535,E
ZAF,GDPHRWKD,TOT,USD,A,2021,23.76876,E
CRI,GDPHRWKD,TOT,USD,A,1991,12.39507,
CRI,GDPHRWKD,TOT,USD,A,1992,12.527,
CRI,GDPHRWKD,TOT,USD,A,1993,12.75556,
CRI,GDPHRWKD,TOT,USD,A,1994,12.61975,
CRI,GDPHRWKD,TOT,USD,A,1995,12.87572,
CRI,GDPHRWKD,TOT,USD,A,1996,12.92703,
CRI,GDPHRWKD,TOT,USD,A,1997,12.74287,
CRI,GDPHRWKD,TOT,USD,A,1998,12.8839,
CRI,GDPHRWKD,TOT,USD,A,1999,13.18178,
CRI,GDPHRWKD,TOT,USD,A,2000,13.41943,
CRI,GDPHRWKD,TOT,USD,A,2001,13.34048,
CRI,GDPHRWKD,TOT,USD,A,2002,13.43111,
CRI,GDPHRWKD,TOT,USD,A,2003,13.62039,
CRI,GDPHRWKD,TOT,USD,A,2004,13.96145,
CRI,GDPHRWKD,TOT,USD,A,2005,13.71851,
CRI,GDPHRWKD,TOT,USD,A,2006,14.25967,
CRI,GDPHRWKD,TOT,USD,A,2007,14.45371,
CRI,GDPHRWKD,TOT,USD,A,2008,14.90905,
CRI,GDPHRWKD,TOT,USD,A,2009,15.33166,
CRI,GDPHRWKD,TOT,USD,A,2010,17.12278,
CRI,GDPHRWKD,TOT,USD,A,2011,17.94479,
CRI,GDPHRWKD,TOT,USD,A,2012,17.69463,
CRI,GDPHRWKD,TOT,USD,A,2013,18.62036,
CRI,GDPHRWKD,TOT,USD,A,2014,19.09377,
CRI,GDPHRWKD,TOT,USD,A,2015,19.70775,
CRI,GDPHRWKD,TOT,USD,A,2016,20.57185,
CRI,GDPHRWKD,TOT,USD,A,2017,21.05665,
CRI,GDPHRWKD,TOT,USD,A,2018,21.44617,
CRI,GDPHRWKD,TOT,USD,A,2019,22.03854,
CRI,GDPHRWKD,TOT,USD,A,2020,25.39533,
CRI,GDPHRWKD,TOT,USD,A,2021,24.02311,
CRI,GDPHRWKD,TOT,USD,A,2022,22.86129,
BGR,GDPHRWKD,TOT,USD,A,1995,14.60228,
BGR,GDPHRWKD,TOT,USD,A,1996,14.97431,
BGR,GDPHRWKD,TOT,USD,A,1997,13.27868,
BGR,GDPHRWKD,TOT,USD,A,1998,14.40494,
BGR,GDPHRWKD,TOT,USD,A,1999,13.62985,
BGR,GDPHRWKD,TOT,USD,A,2000,14.86289,
BGR,GDPHRWKD,TOT,USD,A,2001,15.43937,
BGR,GDPHRWKD,TOT,USD,A,2002,16.31445,
BGR,GDPHRWKD,TOT,USD,A,2003,16.78505,
BGR,GDPHRWKD,TOT,USD,A,2004,17.18326,
BGR,GDPHRWKD,TOT,USD,A,2005,17.96671,
BGR,GDPHRWKD,TOT,USD,A,2006,18.61957,
BGR,GDPHRWKD,TOT,USD,A,2007,19.24252,
BGR,GDPHRWKD,TOT,USD,A,2008,19.49105,
BGR,GDPHRWKD,TOT,USD,A,2009,19.71796,
BGR,GDPHRWKD,TOT,USD,A,2010,20.8508,
BGR,GDPHRWKD,TOT,USD,A,2011,21.78229,
BGR,GDPHRWKD,TOT,USD,A,2012,22.49667,
BGR,GDPHRWKD,TOT,USD,A,2013,22.46418,
BGR,GDPHRWKD,TOT,USD,A,2014,22.60698,
BGR,GDPHRWKD,TOT,USD,A,2015,23.28877,
BGR,GDPHRWKD,TOT,USD,A,2016,23.88707,
BGR,GDPHRWKD,TOT,USD,A,2017,24.1156,
BGR,GDPHRWKD,TOT,USD,A,2018,24.77178,
BGR,GDPHRWKD,TOT,USD,A,2019,25.67375,
BGR,GDPHRWKD,TOT,USD,A,2020,25.87577,
BGR,GDPHRWKD,TOT,USD,A,2021,27.55399,
BGR,GDPHRWKD,TOT,USD,A,2022,28.76871,
HRV,GDPHRWKD,TOT,USD,A,1995,21.78569,
HRV,GDPHRWKD,TOT,USD,A,1996,23.12442,
HRV,GDPHRWKD,TOT,USD,A,1997,24.54721,
HRV,GDPHRWKD,TOT,USD,A,1998,25.1768,
HRV,GDPHRWKD,TOT,USD,A,1999,24.95253,
HRV,GDPHRWKD,TOT,USD,A,2000,25.76096,
HRV,GDPHRWKD,TOT,USD,A,2001,26.74686,
HRV,GDPHRWKD,TOT,USD,A,2002,28.09742,
HRV,GDPHRWKD,TOT,USD,A,2003,28.96644,
HRV,GDPHRWKD,TOT,USD,A,2004,29.92341,
HRV,GDPHRWKD,TOT,USD,A,2005,30.92997,
HRV,GDPHRWKD,TOT,USD,A,2006,31.44817,
HRV,GDPHRWKD,TOT,USD,A,2007,31.99227,
HRV,GDPHRWKD,TOT,USD,A,2008,31.95375,
HRV,GDPHRWKD,TOT,USD,A,2009,29.89704,
HRV,GDPHRWKD,TOT,USD,A,2010,30.48476,
HRV,GDPHRWKD,TOT,USD,A,2011,31.75435,
HRV,GDPHRWKD,TOT,USD,A,2012,32.44739,
HRV,GDPHRWKD,TOT,USD,A,2013,33.51227,
HRV,GDPHRWKD,TOT,USD,A,2014,32.81651,
HRV,GDPHRWKD,TOT,USD,A,2015,34.38974,
HRV,GDPHRWKD,TOT,USD,A,2016,35.37736,
HRV,GDPHRWKD,TOT,USD,A,2017,35.92135,
HRV,GDPHRWKD,TOT,USD,A,2018,36.24577,
HRV,GDPHRWKD,TOT,USD,A,2019,35.84251,
HRV,GDPHRWKD,TOT,USD,A,2020,33.25555,
HRV,GDPHRWKD,TOT,USD,A,2021,37.13623,
HRV,GDPHRWKD,TOT,USD,A,2022,38.50393,
ROU,GDPHRWKD,TOT,USD,A,1995,11.79401,
ROU,GDPHRWKD,TOT,USD,A,1996,12.4063,
ROU,GDPHRWKD,TOT,USD,A,1997,11.71113,
ROU,GDPHRWKD,TOT,USD,A,1998,11.839,
ROU,GDPHRWKD,TOT,USD,A,1999,11.99941,
ROU,GDPHRWKD,TOT,USD,A,2000,12.37076,
ROU,GDPHRWKD,TOT,USD,A,2001,13.15957,
ROU,GDPHRWKD,TOT,USD,A,2002,15.36227,
ROU,GDPHRWKD,TOT,USD,A,2003,15.98718,
ROU,GDPHRWKD,TOT,USD,A,2004,17.90552,
ROU,GDPHRWKD,TOT,USD,A,2005,18.89548,
ROU,GDPHRWKD,TOT,USD,A,2006,20.43424,
ROU,GDPHRWKD,TOT,USD,A,2007,21.55503,
ROU,GDPHRWKD,TOT,USD,A,2008,23.94779,
ROU,GDPHRWKD,TOT,USD,A,2009,23.74021,
ROU,GDPHRWKD,TOT,USD,A,2010,23.25513,
ROU,GDPHRWKD,TOT,USD,A,2011,24.76709,
ROU,GDPHRWKD,TOT,USD,A,2012,25.40413,B
ROU,GDPHRWKD,TOT,USD,A,2013,25.77067,
ROU,GDPHRWKD,TOT,USD,A,2014,26.83683,
ROU,GDPHRWKD,TOT,USD,A,2015,28.14639,
ROU,GDPHRWKD,TOT,USD,A,2016,28.90267,
ROU,GDPHRWKD,TOT,USD,A,2017,30.93858,
ROU,GDPHRWKD,TOT,USD,A,2018,32.75326,
ROU,GDPHRWKD,TOT,USD,A,2019,33.66932,
ROU,GDPHRWKD,TOT,USD,A,2020,33.99307,
ROU,GDPHRWKD,TOT,USD,A,2021,34.37623,
ROU,GDPHRWKD,TOT,USD,A,2022,35.89227,
EU27_2020,GDPHRWKD,TOT,USD,A,1995,39.89662,
EU27_2020,GDPHRWKD,TOT,USD,A,1996,40.41222,
EU27_2020,GDPHRWKD,TOT,USD,A,1997,41.19715,
EU27_2020,GDPHRWKD,TOT,USD,A,1998,41.90519,
EU27_2020,GDPHRWKD,TOT,USD,A,1999,42.79723,
EU27_2020,GDPHRWKD,TOT,USD,A,2000,44.18026,
EU27_2020,GDPHRWKD,TOT,USD,A,2001,45.09193,
EU27_2020,GDPHRWKD,TOT,USD,A,2002,45.97273,
EU27_2020,GDPHRWKD,TOT,USD,A,2003,46.40524,
EU27_2020,GDPHRWKD,TOT,USD,A,2004,47.15628,
EU27_2020,GDPHRWKD,TOT,USD,A,2005,47.68889,
EU27_2020,GDPHRWKD,TOT,USD,A,2006,48.48269,
EU27_2020,GDPHRWKD,TOT,USD,A,2007,48.94329,
EU27_2020,GDPHRWKD,TOT,USD,A,2008,48.82159,
EU27_2020,GDPHRWKD,TOT,USD,A,2009,48.2587,
EU27_2020,GDPHRWKD,TOT,USD,A,2010,49.65857,
EU27_2020,GDPHRWKD,TOT,USD,A,2011,50.5699,
EU27_2020,GDPHRWKD,TOT,USD,A,2012,50.84732,
EU27_2020,GDPHRWKD,TOT,USD,A,2013,51.28797,
EU27_2020,GDPHRWKD,TOT,USD,A,2014,51.64632,
EU27_2020,GDPHRWKD,TOT,USD,A,2015,52.3665,
EU27_2020,GDPHRWKD,TOT,USD,A,2016,52.57708,
EU27_2020,GDPHRWKD,TOT,USD,A,2017,53.50587,
EU27_2020,GDPHRWKD,TOT,USD,A,2018,53.90715,
EU27_2020,GDPHRWKD,TOT,USD,A,2019,54.46118,
EU27_2020,GDPHRWKD,TOT,USD,A,2020,55.17087,
EU27_2020,GDPHRWKD,TOT,USD,A,2021,55.39729,
EU27_2020,GDPHRWKD,TOT,USD,A,2022,55.73403,
COL,GDPHRWKD,TOT,USD,A,1975,8.055505,
COL,GDPHRWKD,TOT,USD,A,1976,8.197824,
COL,GDPHRWKD,TOT,USD,A,1977,8.198547,
COL,GDPHRWKD,TOT,USD,A,1978,8.689823,
COL,GDPHRWKD,TOT,USD,A,1979,8.939717,
COL,GDPHRWKD,TOT,USD,A,1980,9.157818,
COL,GDPHRWKD,TOT,USD,A,1981,9.019506,
COL,GDPHRWKD,TOT,USD,A,1982,9.010562,
COL,GDPHRWKD,TOT,USD,A,1983,9.198652,
COL,GDPHRWKD,TOT,USD,A,1984,9.430661,
COL,GDPHRWKD,TOT,USD,A,1985,9.506003,
COL,GDPHRWKD,TOT,USD,A,1986,9.747007,
COL,GDPHRWKD,TOT,USD,A,1987,9.831656,
COL,GDPHRWKD,TOT,USD,A,1988,9.95126,
COL,GDPHRWKD,TOT,USD,A,1989,9.88,
COL,GDPHRWKD,TOT,USD,A,1990,10.08456,
COL,GDPHRWKD,TOT,USD,A,1991,9.727808,
COL,GDPHRWKD,TOT,USD,A,1992,10.02962,
COL,GDPHRWKD,TOT,USD,A,1993,9.932996,
COL,GDPHRWKD,TOT,USD,A,1994,10.03425,
COL,GDPHRWKD,TOT,USD,A,1995,10.11328,
COL,GDPHRWKD,TOT,USD,A,1996,10.21543,
COL,GDPHRWKD,TOT,USD,A,1997,10.34576,
COL,GDPHRWKD,TOT,USD,A,1998,10.42173,
COL,GDPHRWKD,TOT,USD,A,1999,10.02833,
COL,GDPHRWKD,TOT,USD,A,2000,9.652419,
COL,GDPHRWKD,TOT,USD,A,2001,9.690187,
COL,GDPHRWKD,TOT,USD,A,2002,9.482174,
COL,GDPHRWKD,TOT,USD,A,2003,9.500538,
COL,GDPHRWKD,TOT,USD,A,2004,10.05216,
COL,GDPHRWKD,TOT,USD,A,2005,10.23204,
COL,GDPHRWKD,TOT,USD,A,2006,10.8904,
COL,GDPHRWKD,TOT,USD,A,2007,11.34712,
COL,GDPHRWKD,TOT,USD,A,2008,11.36023,
COL,GDPHRWKD,TOT,USD,A,2009,11.06353,
COL,GDPHRWKD,TOT,USD,A,2010,11.11489,
COL,GDPHRWKD,TOT,USD,A,2011,11.49692,
COL,GDPHRWKD,TOT,USD,A,2012,11.62928,
COL,GDPHRWKD,TOT,USD,A,2013,12.05285,
COL,GDPHRWKD,TOT,USD,A,2014,12.37122,
COL,GDPHRWKD,TOT,USD,A,2015,12.48813,
COL,GDPHRWKD,TOT,USD,A,2016,12.72488,
COL,GDPHRWKD,TOT,USD,A,2017,12.8624,
COL,GDPHRWKD,TOT,USD,A,2018,13.05083,
COL,GDPHRWKD,TOT,USD,A,2019,13.46144,
COL,GDPHRWKD,TOT,USD,A,2020,16.08051,
COL,GDPHRWKD,TOT,USD,A,2021,14.34745,
COL,GDPHRWKD,TOT,USD,A,2022,14.27457,
